ID,Hora de início,Hora de conclusão,Email,Nome,Hora da última modificação,Qual é a razão social e o nome fantasia da sua empresa?,Qual é o CNPJ da empresa?,Quantos colaboradores a empresa possui atualmente?,Qual é o faturamento médio anual da empresa?,Informe seu nome completo:,Qual cargo ou função atual na empresa?,Qual é o seu e-mail?,Existem processos internos para garantir o cumprimento da legislação ambiental e de segurança do trabalho?,"Nos últimos cinco anos, a empresa recebeu alguma sanção administrativa de natureza ambiental e de segurança do trabalho?",Discorra brevemente sobre o motivo da sanção:,"A empresa possui compromisso formal com o trabalho digno, incluindo a não utilização de trabalho infantil, forçado ou análogo à escravidão, e o cumprimento integral da legislação trabalhista vigente?","A empresa possui certificações relacionadas à gestão ambiental, segurança do trabalho ou conformidade legal (ex: ISO 14001, ISO 45001, OHSAS 18001, FSC, entre outras)?",Favor especificar abaixo e enviar evidências conforme instruções.,"A empresa possui uma política formal implementada relacionada à responsabilidade sociolambiental (como política ambiental, de sustentabilidade ou equivalente)?",A empresa realiza treinamentos sobre temas de sustentabilidade com seus colaboradores? ,"Explique abaixo as áreas abrangidas, os temas que são abordados e a periodicidade dos treinamentos:","A empresa possui práticas formais para garantir o compliance do negócio, como políticas anticorrupção, cumprimento de normas legais e promoção da transparência?",Explique quais são essas práticas:,A empresa realiza o levantamento de seus aspectos e impactos ambientais e estabelece controle para eles?,A empresa possui práticas em sua operação para gestão e uso responsável de água? ,Explique abaixo sobre essas práticas:,A empresa possui práticas em sua operação para gestão e eficiência energética?,Explique abaixo sobre essas práticas:2,A empresa possui práticas em sua operação para gerenciamento de resíduos?,Explique abaixo sobre essas práticas:3,A empresa possui práticas implementadas para calcular ou estimar a pegada de carbono de seus produtos e serviços?,Explique abaixo sobre essas práticas:4,"Caso tenha inventário de GEE, o mesmo é auditado por empresa terceira parte?","Quais combustíveis são utilizados nos veículos da empresa? Escreve abaixo a percentagem média de utilização dos combustíveis, caso seja só um, escreva o nome do combustível e 100%. Exemplo: (Diese...","A empresa possui práticas estruturadas para promover a inclusão e a diversidade entre seus colaboradores (ex.: equidade de gênero, raça, pessoas com deficiência, LGBTQIA+, etc)?",Detalhe as práticas estruturadas implementadas pela empresa para garantir inclusão e diversidade entre colaboradores.,A empresa realiza ações ou programas de voluntariado com envolvimento da comunidade local?,Descreva as ações ou programas de voluntariado realizados com a comunidade.,"A empresa possui programas ou práticas estruturadas voltadas à saúde mental e bem-estar emocional dos colaboradores (ex.: apoio psicológico, campanhas internas, parcerias com profissionais ou plat...",Informe as ações que sua empresa realiza para cuidar da saúde mental e bem-estar dos colaboradores.,"Sua empresa possui uma política formal de Compras Sustentáveis, separada do Código de Conduta para Fornecedores, que inclua objetivos qualitativos e metas quantitativas para questões ambientais e ...",A empresa possui algum critério socioambiental estabelecido para selecionar sua cadeia de fornecedores?,"Se sim, escreva qual(is) critério(s) utilizado(s):","Os contratos firmados com fornecedores incluem cláusulas específicas sobre requisitos ambientais, sociais, trabalhistas e de direitos humanos?",Os profissionais de compras da sua empresa recebem treinamentos regulares sobre temas de sustentabilidade aplicados à cadeia de suprimentos?,A empresa possui um programa ou práticas estruturadas para promover a diversidade na sua cadeia de fornecedores?,Sua empresa realiza auditorias (presenciais ou remotas) nos fornecedores para verificar o cumprimento de requisitos de sustentabilidade?,Você gostaria de nos contar mais alguma coisa sobre sua empresa ou fazer algum comentário final? ,Confirma que todas as informações fornecidas estão corretas?,Informe as ações que sua empresa realiza para cuidar da saúde mental e bem-estar dos colaboradores.
1,2026-02-03 09:00:00,2026-02-03 09:18:00,anonymous,registro_modelo_01,2026-02-03 09:23:00,Ltda. - Marca Modelo 01,191,Até 9 (Microempresa),"De R$ 500 mil a R$ 1,5 milhões",Pessoa Exemplo 01,Diretora de Sustentabilidade,contato01@example.com,Sim,Não,Não se aplica,Sim,Sim,"ISO 14001, ISO 45001 e evidências em https://example.com/evidencias/empresa-modelo","Sim (por favor, envie as evidências conforme orientações fornecidas)",Sim,"Áreas abrangidas: operação, RH e liderança. Temas: água, energia, resíduos, ética e direitos humanos. Periodicidade: onboarding e reciclagem semestral.",Sim,"Código de conduta, canal de denúncias, due diligence de terceiros, treinamentos anuais e controles anticorrupção.",Sim,Sim,"Medição mensal de consumo, torneiras com temporizador, reúso para limpeza e campanhas de uso consciente.",Sim,"Troca para LED, desligamento automático, metas de consumo e acompanhamento por unidade.",Sim,"Coleta seletiva, destinação por parceiro homologado, controle de recicláveis e treinamento interno.",Não,Não se aplica,Não,Não se aplica; empresa sem frota própria.,Sim,"Programa de diversidade com metas de contratação, acessibilidade em processos seletivos, trilhas de conscientização e comitê interno.",Sim,"Campanhas de arrecadação, mentoria para jovens da comunidade e ações presenciais trimestrais com voluntários.",Sim,"Apoio psicológico, palestras sobre saúde mental, política de escuta ativa e ações de bem-estar.",Sim,Sim,"Critérios de conformidade legal, trabalho digno, descarte correto de resíduos, emissões e ética nos negócios.",Sim,Sim,Não,Sim,"Dados totalmente fictícios, criados apenas para modelagem e desenvolvimento.",Sim,
2,2026-02-04 09:17:00,2026-02-04 09:42:00,anônima,registro_modelo_02,2026-02-04 09:47:00,S.A. - Plataforma Modelo 02,272,10 a 99 (Pequeno porte),"De R$ 1,5 milhões a R$ 3 milhões",Pessoa Exemplo 02,Gerente de Compliance,contato02@example.com,Sim,Não,Não se aplica,Sim,Não,Não se aplica,"Sim (por favor, envie as evidências conforme orientações fornecidas)",Sim,"Áreas abrangidas: operação, RH e liderança. Temas: água, energia, resíduos, ética e direitos humanos. Periodicidade: onboarding e reciclagem semestral.",Sim,"Código de conduta, canal de denúncias, due diligence de terceiros, treinamentos anuais e controles anticorrupção.",Sim,Não,Não se aplica,Sim,"Troca para LED, desligamento automático, metas de consumo e acompanhamento por unidade.",Não,Não se aplica,Não,Não se aplica,Não,Gasolina 60% | Etanol 40%,Não,Não se aplica,Não,Não se aplica,Sim,"Apoio psicológico, palestras sobre saúde mental, política de escuta ativa e ações de bem-estar.",Não,Sim,"Critérios de conformidade legal, trabalho digno, descarte correto de resíduos, emissões e ética nos negócios.",Sim,Não,Sim,Não,Exemplo de resposta final para campo aberto sem informações reais.,Sim,
3,2026-02-05 09:34:00,2026-02-05 10:06:00,anonymous,registro_modelo_03,2026-02-05 10:11:00,Tecnologia Ltda. - Solução Modelo 03,353,100 a 999 (Médio porte),Acima de R$ 3 milhões,Pessoa Exemplo 03,Analista ESG,contato03@example.com,Sim,Sim,Auto de infração fictício por armazenamento temporário inadequado de resíduos; caso encerrado com plano de ação.,Sim,Sim,"ISO 14001, ISO 45001 e evidências em https://example.com/evidencias/empresa-modelo",Não,Sim,"Áreas abrangidas: operação, RH e liderança. Temas: água, energia, resíduos, ética e direitos humanos. Periodicidade: onboarding e reciclagem semestral.",Sim,"Código de conduta, canal de denúncias, due diligence de terceiros, treinamentos anuais e controles anticorrupção.",Sim,Sim,"Medição mensal de consumo, torneiras com temporizador, reúso para limpeza e campanhas de uso consciente.",Não,Não se aplica,Sim,"Coleta seletiva, destinação por parceiro homologado, controle de recicláveis e treinamento interno.",Sim,"Estimativa anual com base em consumo de energia, viagens e frota, usando metodologia inspirada no GHG Protocol.","Sim (por favor, envie as evidências conforme orientações fornecidas)",Diesel 100%,Sim,"Programa de diversidade com metas de contratação, acessibilidade em processos seletivos, trilhas de conscientização e comitê interno.",Não,Não se aplica,Não,Não se aplica,Não,Sim,"Critérios de conformidade legal, trabalho digno, descarte correto de resíduos, emissões e ética nos negócios.",Sim,Sim,Não,Sim,Organização modelo em fase de estruturação de agenda ESG.,Sim,
4,2026-02-06 09:51:00,2026-02-06 10:30:00,anonymous,registro_modelo_04,2026-02-06 10:35:00,Serviços Digitais Ltda. - Operação Modelo 04,434,1.000 ou mais (Grande porte),Prefere não informar,Pessoa Exemplo 04,CEO,contato04@example.com,Sim,Não,Não se aplica,Sim,Não,Não se aplica,"Sim (por favor, envie as evidências conforme orientações fornecidas)",Não,Não se aplica,Sim,"Código de conduta, canal de denúncias, due diligence de terceiros, treinamentos anuais e controles anticorrupção.",Não,Não,Não se aplica,Sim,"Troca para LED, desligamento automático, metas de consumo e acompanhamento por unidade.",Sim,"Coleta seletiva, destinação por parceiro homologado, controle de recicláveis e treinamento interno.",Não,Não se aplica,Não,Elétrico 70% | Híbrido 30%,Sim,"Programa de diversidade com metas de contratação, acessibilidade em processos seletivos, trilhas de conscientização e comitê interno.",Sim,"Campanhas de arrecadação, mentoria para jovens da comunidade e ações presenciais trimestrais com voluntários.",Sim,"Apoio psicológico, palestras sobre saúde mental, política de escuta ativa e ações de bem-estar.",Não,Sim,"Critérios de conformidade legal, trabalho digno, descarte correto de resíduos, emissões e ética nos negócios.",Não,Não,Não,Não,Campo livre preenchido apenas para representar texto aberto.,Sim,
5,2026-02-07 10:08:00,2026-02-07 10:54:00,anônima,registro_modelo_05,2026-02-07 10:59:00,Consultoria Ltda. - Marca Modelo 05,515,Até 9 (Microempresa),"De R$ 500 mil a R$ 1,5 milhões",Pessoa Exemplo 05,Coordenadora de RH,contato05@example.com,Sim,Não,Não se aplica,Sim,Sim,"ISO 14001, ISO 45001 e evidências em https://example.com/evidencias/empresa-modelo",Não,Sim,"Áreas abrangidas: operação, RH e liderança. Temas: água, energia, resíduos, ética e direitos humanos. Periodicidade: onboarding e reciclagem semestral.",Não,Não se aplica,Sim,Não,Não se aplica,Não,Não se aplica,Sim,"Coleta seletiva, destinação por parceiro homologado, controle de recicláveis e treinamento interno.",Sim,"Estimativa anual com base em consumo de energia, viagens e frota, usando metodologia inspirada no GHG Protocol.",Não,Não se aplica; uso eventual de frota locada.,Sim,"Programa de diversidade com metas de contratação, acessibilidade em processos seletivos, trilhas de conscientização e comitê interno.",Sim,"Campanhas de arrecadação, mentoria para jovens da comunidade e ações presenciais trimestrais com voluntários.",Sim,"Apoio psicológico, palestras sobre saúde mental, política de escuta ativa e ações de bem-estar.",Sim,Sim,"Critérios de conformidade legal, trabalho digno, descarte correto de resíduos, emissões e ética nos negócios.",Sim,Sim,Sim,Não,Sem comentários adicionais; conteúdo sintético para homologação.,Sim,
6,2026-02-08 10:25:00,2026-02-08 10:43:00,anonymous,registro_modelo_06,2026-02-08 10:48:00,Logística Ltda. - Rede Modelo 06,604,10 a 99 (Pequeno porte),"De R$ 1,5 milhões a R$ 3 milhões",Pessoa Exemplo 06,Gerente de Operações,contato06@example.com,Não,Não,Não se aplica,Sim,Não,Não se aplica,"Sim (por favor, envie as evidências conforme orientações fornecidas)",Sim,"Áreas abrangidas: operação, RH e liderança. Temas: água, energia, resíduos, ética e direitos humanos. Periodicidade: onboarding e reciclagem semestral.",Sim,"Código de conduta, canal de denúncias, due diligence de terceiros, treinamentos anuais e controles anticorrupção.",Não,Sim,"Medição mensal de consumo, torneiras com temporizador, reúso para limpeza e campanhas de uso consciente.",Sim,"Troca para LED, desligamento automático, metas de consumo e acompanhamento por unidade.",Sim,"Coleta seletiva, destinação por parceiro homologado, controle de recicláveis e treinamento interno.",Não,Não se aplica,Não,Não se aplica; empresa sem frota própria.,Não,Não se aplica,Não,Não se aplica,Sim,"Apoio psicológico, palestras sobre saúde mental, política de escuta ativa e ações de bem-estar.",Não,Não,Não se aplica,Sim,Não,Não,Sim,"Dados totalmente fictícios, criados apenas para modelagem e desenvolvimento.",Sim,
7,2026-02-09 10:42:00,2026-02-09 11:07:00,anonymous,registro_modelo_07,2026-02-09 11:12:00,Dados e IA Ltda. - Produto Modelo 07,787,100 a 999 (Médio porte),Acima de R$ 3 milhões,Pessoa Exemplo 07,Especialista de Compras,contato07@example.com,Sim,Não,Não se aplica,Sim,Sim,"ISO 14001, ISO 45001 e evidências em https://example.com/evidencias/empresa-modelo",Não,Sim,"Áreas abrangidas: operação, RH e liderança. Temas: água, energia, resíduos, ética e direitos humanos. Periodicidade: onboarding e reciclagem semestral.",Sim,"Código de conduta, canal de denúncias, due diligence de terceiros, treinamentos anuais e controles anticorrupção.",Sim,Sim,"Medição mensal de consumo, torneiras com temporizador, reúso para limpeza e campanhas de uso consciente.",Não,Não se aplica,Sim,"Coleta seletiva, destinação por parceiro homologado, controle de recicláveis e treinamento interno.",Sim,"Estimativa anual com base em consumo de energia, viagens e frota, usando metodologia inspirada no GHG Protocol.","Sim (por favor, envie as evidências conforme orientações fornecidas)",Gasolina 60% | Etanol 40%,Sim,"Programa de diversidade com metas de contratação, acessibilidade em processos seletivos, trilhas de conscientização e comitê interno.",Não,Não se aplica,Sim,"Apoio psicológico, palestras sobre saúde mental, política de escuta ativa e ações de bem-estar.",Sim,Sim,"Critérios de conformidade legal, trabalho digno, descarte correto de resíduos, emissões e ética nos negócios.",Sim,Sim,Não,Não,Exemplo de resposta final para campo aberto sem informações reais.,Sim,
8,2026-02-10 10:59:00,2026-02-10 11:31:00,anônima,registro_modelo_08,2026-02-10 11:36:00,Contact Center Ltda. - Núcleo Modelo 08,868,1.000 ou mais (Grande porte),Prefere não informar,Pessoa Exemplo 08,Diretor Administrativo,contato08@example.com,Sim,Sim,Auto de infração fictício por armazenamento temporário inadequado de resíduos; caso encerrado com plano de ação.,Sim,Não,Não se aplica,"Sim (por favor, envie as evidências conforme orientações fornecidas)",Sim,"Áreas abrangidas: operação, RH e liderança. Temas: água, energia, resíduos, ética e direitos humanos. Periodicidade: onboarding e reciclagem semestral.",Sim,"Código de conduta, canal de denúncias, due diligence de terceiros, treinamentos anuais e controles anticorrupção.",Sim,Não,Não se aplica,Sim,"Troca para LED, desligamento automático, metas de consumo e acompanhamento por unidade.",Sim,"Coleta seletiva, destinação por parceiro homologado, controle de recicláveis e treinamento interno.",Não,Não se aplica,Não,Diesel 100%,Sim,"Programa de diversidade com metas de contratação, acessibilidade em processos seletivos, trilhas de conscientização e comitê interno.",Sim,"Campanhas de arrecadação, mentoria para jovens da comunidade e ações presenciais trimestrais com voluntários.",Sim,"Apoio psicológico, palestras sobre saúde mental, política de escuta ativa e ações de bem-estar.",Não,Sim,"Critérios de conformidade legal, trabalho digno, descarte correto de resíduos, emissões e ética nos negócios.",Sim,Não,Sim,Não,Organização modelo em fase de estruturação de agenda ESG.,Sim,
9,2026-02-11 11:16:00,2026-02-11 11:55:00,anonymous,registro_modelo_09,2026-02-11 12:00:00,Inovação S.A. - Hub Modelo 09,949,Até 9 (Microempresa),"De R$ 500 mil a R$ 1,5 milhões",Pessoa Exemplo 09,Analista de Sustentabilidade,contato09@example.com,Sim,Não,Não se aplica,Não,Sim,"ISO 14001, ISO 45001 e evidências em https://example.com/evidencias/empresa-modelo",Não,Não,Não se aplica,Sim,"Código de conduta, canal de denúncias, due diligence de terceiros, treinamentos anuais e controles anticorrupção.",Não,Sim,"Medição mensal de consumo, torneiras com temporizador, reúso para limpeza e campanhas de uso consciente.",Não,Não se aplica,Não,Não se aplica,Não,Não se aplica,Não,Elétrico 70% | Híbrido 30%,Sim,"Programa de diversidade com metas de contratação, acessibilidade em processos seletivos, trilhas de conscientização e comitê interno.",Não,Não se aplica,Sim,"Apoio psicológico, palestras sobre saúde mental, política de escuta ativa e ações de bem-estar.",Sim,Sim,"Critérios de conformidade legal, trabalho digno, descarte correto de resíduos, emissões e ética nos negócios.",Sim,Sim,Não,Sim,Campo livre preenchido apenas para representar texto aberto.,Sim,
10,2026-02-12 11:33:00,2026-02-12 12:19:00,anonymous,registro_modelo_10,2026-02-12 12:24:00,Sistemas Ltda. - Marca Modelo 10,1082,10 a 99 (Pequeno porte),"De R$ 1,5 milhões a R$ 3 milhões",Pessoa Exemplo 10,Gestora de Compliance,contato10@example.com,Sim,Não,Não se aplica,Sim,Não,Não se aplica,"Sim (por favor, envie as evidências conforme orientações fornecidas)",Sim,"Áreas abrangidas: operação, RH e liderança. Temas: água, energia, resíduos, ética e direitos humanos. Periodicidade: onboarding e reciclagem semestral.",Sim,"Código de conduta, canal de denúncias, due diligence de terceiros, treinamentos anuais e controles anticorrupção.",Sim,Não,Não se aplica,Sim,"Troca para LED, desligamento automático, metas de consumo e acompanhamento por unidade.",Sim,"Coleta seletiva, destinação por parceiro homologado, controle de recicláveis e treinamento interno.",Sim,"Estimativa anual com base em consumo de energia, viagens e frota, usando metodologia inspirada no GHG Protocol.",Não,Não se aplica; uso eventual de frota locada.,Sim,"Programa de diversidade com metas de contratação, acessibilidade em processos seletivos, trilhas de conscientização e comitê interno.",Sim,"Campanhas de arrecadação, mentoria para jovens da comunidade e ações presenciais trimestrais com voluntários.",Sim,"Apoio psicológico, palestras sobre saúde mental, política de escuta ativa e ações de bem-estar.",Não,Sim,"Critérios de conformidade legal, trabalho digno, descarte correto de resíduos, emissões e ética nos negócios.",Sim,Não,Sim,Não,Sem comentários adicionais; conteúdo sintético para homologação.,Sim,
11,2026-02-10 05:27:00,2026-02-10 05:42:00,cardosobarbara@gmail.com,registro_sintetico_01,2026-02-10 05:43:00,Castro - Alimentos,72.941.036/0001-80,Até 9 (Microempresa),Até R$ 500 mil,Luana Carvalho,Consultor(a) ESG,piresbruno@da.br,Sim,Sim,Autuação relacionada ao descarte inadequado de resíduos.,Sim,Não,Não possui certificações formais.,Sim,Sim,Capacitações anuais voltadas para ESG e compliance.,Sim,Controles ainda em implementação.,Sim,Sim,Monitoramento de consumo e campanhas de redução.,Não,Substituição gradual de equipamentos por modelos eficientes.,Sim,Treinamentos internos para descarte adequado.,Não,Monitoramento ainda em fase inicial.,Sim,"Etanol 60%, Gasolina 40%",Sim,Iniciativas ainda em desenvolvimento.,Sim,Ações educativas em escolas públicas.,Sim,,Não,Sim,Análise de histórico socioambiental e reputacional.,Sim,Sim,Não,Não,A companhia pretende ampliar as ações socioambientais nos próximos anos.,Sim,"Campanhas internas de saúde mental, apoio psicológico e palestras trimestrais."
12,2026-02-11 04:55:00,2026-02-11 05:15:00,anônima,registro_sintetico_02,2026-02-11 05:17:00,Campos da Luz - ME - Logística,06.478.513/0001-99,10 a 99 (Pequeno porte),Acima de R$ 3 milhões,Maria Alice Nunes,Supervisor(a) de RH,lopesotavio@hotmail.com,Sim,Não,Não houve sanções registradas.,Sim,Não,Não possui certificações formais.,Sim,Sim,Treinamentos pontuais conforme necessidade operacional.,Sim,Canal de denúncias e código de ética.,Sim,Sim,Captação de água da chuva e reutilização parcial.,Sim,Painéis solares em parte das operações.,Sim,Práticas ainda não formalizadas.,Não,Estimativas básicas de emissões operacionais.,Não,"Diesel 70%, Gasolina 30%",Sim,Programa de diversidade com metas internas.,Não,Não há programa estruturado atualmente.,Sim,,Não,Sim,Preferência por fornecedores locais e certificados.,Sim,Não,Não,Não,Algumas iniciativas ainda estão sendo estruturadas internamente.,Sim,Parceria com clínica psicológica e ações de qualidade de vida.
13,2026-02-12 02:15:00,2026-02-12 02:31:00,anonymous,registro_sintetico_03,2026-02-12 02:35:00,Vieira Pires S/A - Educação,34.825.601/0001-55,10 a 99 (Pequeno porte),Acima de R$ 3 milhões,Levi Teixeira,Sócio(a)-administrador(a),tpeixoto@alves.br,Sim,Não,Não houve sanções registradas.,Sim,Não,Não possui certificações formais.,Não,Sim,Capacitações anuais voltadas para ESG e compliance.,Não,Controles ainda em implementação.,Sim,Sim,Ainda não existem práticas estruturadas.,Não,Apenas ações básicas de economia.,Sim,Práticas ainda não formalizadas.,Não,Inventário anual de emissões com apoio externo.,Não,"Diesel 70%, Gasolina 30%",Não,Política de contratação inclusiva.,Não,Ações educativas em escolas públicas.,Sim,,Sim,Sim,Preferência por fornecedores locais e certificados.,Não,Não,Não,Sim,Sem comentários adicionais.,Sim,Benefícios flexíveis voltados ao bem-estar e acompanhamento emocional.
14,2026-02-13 02:32:00,2026-02-13 03:33:00,maria-julia98@pires.br,registro_sintetico_04,2026-02-13 03:37:00,Costa - Consultoria,13.590.276/0001-19,10 a 99 (Pequeno porte),Até R$ 500 mil,Ian da Rosa,Analista Ambiental,pietro82@da.com,Sim,Não,Não houve sanções registradas.,Sim,Não,Não possui certificações formais.,Sim,Não,Treinamentos pontuais conforme necessidade operacional.,Sim,Auditorias internas periódicas.,Não,Não,Monitoramento de consumo e campanhas de redução.,Não,Uso de iluminação LED e controle automatizado.,Não,Práticas ainda não formalizadas.,Não,Estimativas básicas de emissões operacionais.,Sim,Diesel 100%,Não,Treinamentos de conscientização e inclusão.,Sim,Não há programa estruturado atualmente.,Não,,Não,Não,Preferência por fornecedores locais e certificados.,Sim,Não,Não,Não,Atualmente o foco principal está em compliance e gestão de resíduos.,Sim,Não se aplica
15,2026-02-14 01:01:00,2026-02-14 01:24:00,freitasjoao-gabriel@cunha.br,registro_sintetico_05,2026-02-14 01:28:00,da Mata - Tecnologia,97.015.638/0001-38,10 a 99 (Pequeno porte),"De R$ 1,5 milhões a R$ 3 milhões",Vitória Correia,Analista de Sustentabilidade,stellafarias@freitas.com,Sim,Não,Não houve sanções registradas.,Sim,Sim,ISO 9001 e ISO 14001,Sim,Sim,Ainda não há calendário estruturado.,Sim,Auditorias internas periódicas.,Não,Não,Ainda não existem práticas estruturadas.,Sim,Painéis solares em parte das operações.,Não,Separação de resíduos perigosos e recicláveis.,Sim,Inventário anual de emissões com apoio externo.,Sim,Diesel 100%,Sim,Iniciativas ainda em desenvolvimento.,Não,Campanhas de arrecadação de alimentos.,Não,,Sim,Sim,Preferência por fornecedores locais e certificados.,Não,Sim,Sim,Não,Algumas iniciativas ainda estão sendo estruturadas internamente.,Sim,Treinamentos sobre saúde emocional e apoio remoto aos colaboradores.
16,2026-02-15 03:36:00,2026-02-15 03:55:00,anonymous,registro_sintetico_06,2026-02-15 04:00:00,Araújo Azevedo S/A - Saúde,71.948.023/0001-70,Até 9 (Microempresa),Prefere não informar,João Felipe Vieira,Sócio(a)-administrador(a),ualmeida@gmail.com,Sim,Não,Não houve sanções registradas.,Não,Não,Não possui certificações formais.,Não,Não,Capacitações anuais voltadas para ESG e compliance.,Sim,Controles ainda em implementação.,Sim,Sim,Monitoramento de consumo e campanhas de redução.,Sim,Uso de iluminação LED e controle automatizado.,Não,Treinamentos internos para descarte adequado.,Não,Não há cálculo estruturado atualmente.,Sim,"Frota híbrida: Elétrico 20%, Diesel 80%",Não,Iniciativas ainda em desenvolvimento.,Sim,Ações educativas em escolas públicas.,Sim,,Não,Sim,Preferência por fornecedores locais e certificados.,Sim,Não,Não,Não,Algumas iniciativas ainda estão sendo estruturadas internamente.,Sim,"Campanhas internas de saúde mental, apoio psicológico e palestras trimestrais."
17,2026-02-16 00:29:00,2026-02-16 01:09:00,silveirajulia@vieira.com,registro_sintetico_07,2026-02-16 01:11:00,Novaes - Consultoria,14.296.735/0001-19,Até 9 (Microempresa),Até R$ 500 mil,Rafael Dias,Diretor(a) Operacional,antoniomartins@yahoo.com.br,Sim,Não,Não houve sanções registradas.,Sim,Sim,ISO 14001,Sim,Sim,Treinamentos pontuais conforme necessidade operacional.,Não,Auditorias internas periódicas.,Não,Sim,Troca de equipamentos por modelos mais eficientes.,Sim,Monitoramento mensal do consumo energético.,Sim,Coleta seletiva e parceria com cooperativas.,Não,Inventário anual de emissões com apoio externo.,Não,"Frota híbrida: Elétrico 20%, Diesel 80%",Não,Programa de diversidade com metas internas.,Não,Ações educativas em escolas públicas.,Sim,,Não,Não,Preferência por fornecedores locais e certificados.,Sim,Sim,Não,Não,Existem projetos-piloto em andamento para melhoria ambiental.,Sim,"Ginástica laboral, acompanhamento psicológico e rodas de conversa."
18,2026-02-17 05:34:00,2026-02-17 06:15:00,anonymous,registro_sintetico_08,2026-02-17 06:16:00,Cunha Nascimento Ltda. - Educação,37.961.045/0001-32,Até 9 (Microempresa),"De R$ 1,5 milhões a R$ 3 milhões",Erick Rezende,Sócio(a)-administrador(a),santosana-carolina@uol.com.br,Sim,Não,Não houve sanções registradas.,Sim,Sim,ISO 45001,Não,Sim,Treinamentos pontuais conforme necessidade operacional.,Sim,Política anticorrupção e treinamentos obrigatórios.,Não,Não,Monitoramento de consumo e campanhas de redução.,Sim,Monitoramento mensal do consumo energético.,Sim,Treinamentos internos para descarte adequado.,Sim,Estimativas básicas de emissões operacionais.,Não,"Etanol 60%, Gasolina 40%",Sim,Iniciativas ainda em desenvolvimento.,Não,Não há programa estruturado atualmente.,Sim,,Sim,Não,Avaliação documental trabalhista e ambiental antes da contratação.,Sim,Não,Não,Sim,Algumas iniciativas ainda estão sendo estruturadas internamente.,Sim,"Campanhas internas de saúde mental, apoio psicológico e palestras trimestrais."
19,2026-02-18 00:21:00,2026-02-18 00:48:00,anônima,registro_sintetico_09,2026-02-18 00:54:00,Oliveira Rocha - EI - Logística,59.748.062/0001-29,100 a 999 (Médio porte),"De R$ 500 mil a R$ 1,5 milhões",Raquel Gomes,Gerente Administrativo,ceciliacunha@rodrigues.com,Não,Não,Não houve sanções registradas.,Sim,Sim,ISO 45001,Não,Não,Ainda não há calendário estruturado.,Sim,Política anticorrupção e treinamentos obrigatórios.,Não,Sim,Captação de água da chuva e reutilização parcial.,Sim,Uso de iluminação LED e controle automatizado.,Sim,Coleta seletiva e parceria com cooperativas.,Não,Não há cálculo estruturado atualmente.,Sim,Diesel 100%,Sim,Treinamentos de conscientização e inclusão.,Sim,Mutirões sociais em parceria com ONGs.,Sim,,Não,Não,Preferência por fornecedores locais e certificados.,Sim,Não,Não,Não,A companhia pretende ampliar as ações socioambientais nos próximos anos.,Sim,"Ginástica laboral, acompanhamento psicológico e rodas de conversa."
20,2026-02-19 08:00:00,2026-02-19 08:09:00,qdias@oliveira.org,registro_sintetico_10,2026-02-19 08:11:00,Nunes - Alimentos,80.495.123/0001-80,Até 9 (Microempresa),Prefere não informar,Yasmin Vieira,Analista Ambiental,fernandocavalcanti@caldeira.org,Sim,Não,Não houve sanções registradas.,Não,Sim,ISO 14001,Sim,Sim,Treinamentos pontuais conforme necessidade operacional.,Sim,Controles ainda em implementação.,Sim,Não,Ainda não existem práticas estruturadas.,Sim,Substituição gradual de equipamentos por modelos eficientes.,Sim,Coleta seletiva e parceria com cooperativas.,Não,Monitoramento ainda em fase inicial.,Não,"Diesel 70%, Gasolina 30%",Não,Política de contratação inclusiva.,Não,Não há programa estruturado atualmente.,Sim,,Sim,Sim,Análise de histórico socioambiental e reputacional.,Não,Sim,Não,Sim,As práticas variam entre as unidades operacionais.,Sim,Treinamentos sobre saúde emocional e apoio remoto aos colaboradores.
21,2026-02-20 02:34:00,2026-02-20 03:07:00,anônima,registro_sintetico_11,2026-02-20 03:08:00,Carvalho S.A. - Alimentos,47.503.281/0001-69,Até 9 (Microempresa),"De R$ 500 mil a R$ 1,5 milhões",Alexia Martins,Diretor(a) Operacional,raulda-rocha@bol.com.br,Sim,Não,Não houve sanções registradas.,Sim,Não,Não possui certificações formais.,Não,Não,Treinamentos semestrais sobre descarte de resíduos e ética corporativa.,Sim,Política anticorrupção e treinamentos obrigatórios.,Sim,Não,Captação de água da chuva e reutilização parcial.,Sim,Substituição gradual de equipamentos por modelos eficientes.,Não,Separação de resíduos perigosos e recicláveis.,Não,Inventário anual de emissões com apoio externo.,Sim,Diesel 100%,Não,Programa de diversidade com metas internas.,Não,Mutirões sociais em parceria com ONGs.,Não,,Não,Sim,"Critérios de conformidade legal, ética e boas práticas ambientais.",Não,Não,Não,Não,Algumas iniciativas ainda estão sendo estruturadas internamente.,Sim,Benefícios flexíveis voltados ao bem-estar e acompanhamento emocional.
22,2026-02-21 01:30:00,2026-02-21 02:29:00,maria-sophia30@fernandes.br,registro_sintetico_12,2026-02-21 02:37:00,Gomes - Logística,67.485.129/0001-08,10 a 99 (Pequeno porte),Prefere não informar,Henrique Gonçalves,Sócio(a)-administrador(a),thalessantos@hotmail.com,Sim,Sim,Pendência documental em auditoria trabalhista.,Sim,Sim,Nenhuma certificação formal atualmente.,Não,Sim,Capacitações anuais voltadas para ESG e compliance.,Sim,Controles ainda em implementação.,Sim,Não,Troca de equipamentos por modelos mais eficientes.,Não,Apenas ações básicas de economia.,Sim,Separação de resíduos perigosos e recicláveis.,Não,Monitoramento ainda em fase inicial.,Não,"Etanol 60%, Gasolina 40%",Sim,Política de contratação inclusiva.,Sim,Campanhas de arrecadação de alimentos.,Sim,,Não,Sim,Avaliação documental trabalhista e ambiental antes da contratação.,Sim,Sim,Não,Não,Algumas iniciativas ainda estão sendo estruturadas internamente.,Sim,Parceria com clínica psicológica e ações de qualidade de vida.
23,2026-02-22 07:06:00,2026-02-22 07:40:00,anônima,registro_sintetico_13,2026-02-22 07:47:00,Araújo - Serviços Digitais,43.825.091/0001-07,1.000 ou mais (Grande porte),Até R$ 500 mil,Lucas da Conceição,Supervisor(a) de RH,emoura@hotmail.com,Sim,Não,Não houve sanções registradas.,Sim,Não,Não possui certificações formais.,Não,Sim,Capacitações anuais voltadas para ESG e compliance.,Sim,Política anticorrupção e treinamentos obrigatórios.,Sim,Sim,Troca de equipamentos por modelos mais eficientes.,Sim,Painéis solares em parte das operações.,Sim,Programa de redução de resíduos operacionais.,Não,Estimativas básicas de emissões operacionais.,Não,"Frota híbrida: Elétrico 20%, Diesel 80%",Sim,Iniciativas ainda em desenvolvimento.,Não,Campanhas de arrecadação de alimentos.,Sim,,Sim,Sim,"Critérios de conformidade legal, ética e boas práticas ambientais.",Sim,Sim,Não,Não,Atualmente o foco principal está em compliance e gestão de resíduos.,Sim,Benefícios flexíveis voltados ao bem-estar e acompanhamento emocional.
24,2026-02-23 02:22:00,2026-02-23 03:18:00,anonymous,registro_sintetico_14,2026-02-23 03:25:00,Azevedo - Alimentos,03.895.217/0001-03,100 a 999 (Médio porte),"De R$ 500 mil a R$ 1,5 milhões",Sr. Benjamin Rezende,Coordenador(a) ESG,pedro-henriquepeixoto@costela.br,Sim,Não,Não houve sanções registradas.,Sim,Sim,ISO 14001,Não,Sim,Treinamentos semestrais sobre descarte de resíduos e ética corporativa.,Sim,Auditorias internas periódicas.,Sim,Não,Ainda não existem práticas estruturadas.,Não,Painéis solares em parte das operações.,Sim,Treinamentos internos para descarte adequado.,Não,Estimativas básicas de emissões operacionais.,Não,"Diesel 70%, Gasolina 30%",Não,Treinamentos de conscientização e inclusão.,Não,Campanhas de arrecadação de alimentos.,Sim,,Não,Não,Análise de histórico socioambiental e reputacional.,Sim,Não,Sim,Não,Sem comentários adicionais.,Sim,"Ginástica laboral, acompanhamento psicológico e rodas de conversa."
25,2026-02-24 02:04:00,2026-02-24 02:18:00,camposmaysa@ig.com.br,registro_sintetico_15,2026-02-24 02:23:00,das Neves S/A - Serviços Digitais,80.152.964/0001-94,100 a 999 (Médio porte),Acima de R$ 3 milhões,Lucas Gabriel Dias,Analista Ambiental,eazevedo@costela.com,Sim,Não,Não houve sanções registradas.,Sim,Sim,ISO 14001,Não,Não,Treinamentos semestrais sobre descarte de resíduos e ética corporativa.,Sim,Política anticorrupção e treinamentos obrigatórios.,Não,Não,Captação de água da chuva e reutilização parcial.,Sim,Apenas ações básicas de economia.,Não,Treinamentos internos para descarte adequado.,Não,Não há cálculo estruturado atualmente.,Não,"Frota híbrida: Elétrico 20%, Diesel 80%",Sim,Treinamentos de conscientização e inclusão.,Não,Campanhas de arrecadação de alimentos.,Sim,,Sim,Sim,Critérios básicos de regularidade fiscal e trabalhista.,Não,Sim,Não,Não,Atualmente o foco principal está em compliance e gestão de resíduos.,Sim,Benefícios flexíveis voltados ao bem-estar e acompanhamento emocional.
26,2026-02-25 01:48:00,2026-02-25 02:18:00,anonymous,registro_sintetico_16,2026-02-25 02:23:00,Campos Souza S/A - Varejo,96.875.023/0001-19,Até 9 (Microempresa),"De R$ 1,5 milhões a R$ 3 milhões",Manuela Lima,Coordenador(a) ESG,amandavieira@mendes.org,Sim,Não,Não houve sanções registradas.,Sim,Não,Não possui certificações formais.,Sim,Sim,Ainda não há calendário estruturado.,Sim,Controles ainda em implementação.,Sim,Sim,Troca de equipamentos por modelos mais eficientes.,Sim,Substituição gradual de equipamentos por modelos eficientes.,Sim,Práticas ainda não formalizadas.,Não,Monitoramento ainda em fase inicial.,Não,"Frota híbrida: Elétrico 20%, Diesel 80%",Sim,Política de contratação inclusiva.,Sim,Não há programa estruturado atualmente.,Sim,,Sim,Não,Preferência por fornecedores locais e certificados.,Sim,Não,Não,Sim,Algumas iniciativas ainda estão sendo estruturadas internamente.,Sim,"Ginástica laboral, acompanhamento psicológico e rodas de conversa."
27,2026-02-26 06:18:00,2026-02-26 06:56:00,anonymous,registro_sintetico_17,2026-02-26 07:01:00,Teixeira Novaes - EI - Serviços Digitais,68.105.497/0001-46,1.000 ou mais (Grande porte),"De R$ 1,5 milhões a R$ 3 milhões",Pietra da Conceição,Analista Ambiental,da-pazryan@da.org,Sim,Não,Não houve sanções registradas.,Sim,Sim,ISO 45001,Sim,Não,Treinamentos pontuais conforme necessidade operacional.,Sim,Auditorias internas periódicas.,Não,Não,Monitoramento de consumo e campanhas de redução.,Não,Apenas ações básicas de economia.,Sim,Programa de redução de resíduos operacionais.,Sim,Não há cálculo estruturado atualmente.,Sim,"Diesel 70%, Gasolina 30%",Sim,Iniciativas ainda em desenvolvimento.,Sim,Campanhas de arrecadação de alimentos.,Sim,,Não,Não,Avaliação documental trabalhista e ambiental antes da contratação.,Sim,Não,Sim,Não,Empresa em processo de amadurecimento das práticas ESG.,Sim,"Campanhas internas de saúde mental, apoio psicológico e palestras trimestrais."
28,2026-02-27 04:45:00,2026-02-27 05:41:00,anônima,registro_sintetico_18,2026-02-27 05:48:00,Fogaça Caldeira Ltda. - Serviços Digitais,75.342.916/0001-29,10 a 99 (Pequeno porte),"De R$ 1,5 milhões a R$ 3 milhões",Ana Clara Barbosa,Consultor(a) ESG,enzo-gabriel79@gmail.com,Sim,Não,Não houve sanções registradas.,Sim,Sim,ISO 14001,Não,Sim,Capacitações anuais voltadas para ESG e compliance.,Sim,Canal de denúncias e código de ética.,Sim,Sim,Monitoramento de consumo e campanhas de redução.,Sim,Painéis solares em parte das operações.,Sim,Práticas ainda não formalizadas.,Não,Não há cálculo estruturado atualmente.,Sim,Gasolina 100%,Sim,Política de contratação inclusiva.,Não,Não há programa estruturado atualmente.,Sim,,Não,Não,Critérios básicos de regularidade fiscal e trabalhista.,Não,Não,Não,Não,Sem comentários adicionais.,Sim,Parceria com clínica psicológica e ações de qualidade de vida.
29,2026-02-28 01:16:00,2026-02-28 01:41:00,anônima,registro_sintetico_19,2026-02-28 01:44:00,da Rocha Pires - ME - Tecnologia,08.923.714/0001-83,Até 9 (Microempresa),Acima de R$ 3 milhões,Helena Santos,Coordenador(a) ESG,da-pazana-clara@da.br,Sim,Não,Não houve sanções registradas.,Sim,Não,Não possui certificações formais.,Sim,Sim,Ainda não há calendário estruturado.,Sim,Canal de denúncias e código de ética.,Não,Não,Ainda não existem práticas estruturadas.,Sim,Uso de iluminação LED e controle automatizado.,Sim,Práticas ainda não formalizadas.,Não,Inventário anual de emissões com apoio externo.,Não,"Etanol 60%, Gasolina 40%",Sim,Treinamentos de conscientização e inclusão.,Não,Não há programa estruturado atualmente.,Não,,Não,Sim,Análise de histórico socioambiental e reputacional.,Não,Não,Não,Não,Empresa em processo de amadurecimento das práticas ESG.,Sim,Parceria com clínica psicológica e ações de qualidade de vida.
30,2026-03-01 07:19:00,2026-03-01 07:37:00,anônima,registro_sintetico_20,2026-03-01 07:43:00,Cardoso S/A - Energia,31.098.675/0001-49,10 a 99 (Pequeno porte),"De R$ 500 mil a R$ 1,5 milhões",Nicole da Luz,Coordenador(a) ESG,rebeca89@hotmail.com,Sim,Não,Não houve sanções registradas.,Sim,Não,Não possui certificações formais.,Não,Sim,Treinamentos semestrais sobre descarte de resíduos e ética corporativa.,Sim,Controles ainda em implementação.,Sim,Sim,Troca de equipamentos por modelos mais eficientes.,Sim,Painéis solares em parte das operações.,Sim,Coleta seletiva e parceria com cooperativas.,Não,Estimativas básicas de emissões operacionais.,Sim,Gasolina 100%,Não,Iniciativas ainda em desenvolvimento.,Não,Não há programa estruturado atualmente.,Sim,,Não,Sim,Avaliação documental trabalhista e ambiental antes da contratação.,Sim,Sim,Não,Sim,Existem projetos-piloto em andamento para melhoria ambiental.,Sim,Treinamentos sobre saúde emocional e apoio remoto aos colaboradores.
31,2026-03-02 07:47:00,2026-03-02 08:02:00,anônima,registro_sintetico_21,2026-03-02 08:10:00,Caldeira S.A. - Tecnologia,73.105.624/0001-47,10 a 99 (Pequeno porte),Até R$ 500 mil,Maysa Jesus,Gerente de Compliance,carlos-eduardolopes@araujo.com,Não,Não,Não houve sanções registradas.,Sim,Sim,ISO 45001,Sim,Não,Capacitações anuais voltadas para ESG e compliance.,Não,Política anticorrupção e treinamentos obrigatórios.,Não,Não,Troca de equipamentos por modelos mais eficientes.,Não,Apenas ações básicas de economia.,Sim,Coleta seletiva e parceria com cooperativas.,Não,Monitoramento ainda em fase inicial.,Não,"Frota híbrida: Elétrico 20%, Diesel 80%",Sim,Iniciativas ainda em desenvolvimento.,Não,Não há programa estruturado atualmente.,Sim,,Sim,Não,Análise de histórico socioambiental e reputacional.,Sim,Sim,Sim,Não,As práticas variam entre as unidades operacionais.,Sim,"Ginástica laboral, acompanhamento psicológico e rodas de conversa."
32,2026-03-03 03:16:00,2026-03-03 03:38:00,julia79@da.br,registro_sintetico_22,2026-03-03 03:45:00,Melo - Logística,38.956.017/0001-90,10 a 99 (Pequeno porte),"De R$ 500 mil a R$ 1,5 milhões",Sr. Breno Ramos,Gerente Administrativo,da-rochaanthony@da.br,Sim,Não,Não houve sanções registradas.,Sim,Sim,ISO 9001 e ISO 14001,Não,Não,Ainda não há calendário estruturado.,Sim,Controles ainda em implementação.,Sim,Sim,Captação de água da chuva e reutilização parcial.,Sim,Monitoramento mensal do consumo energético.,Sim,Programa de redução de resíduos operacionais.,Não,Inventário anual de emissões com apoio externo.,Não,"Frota híbrida: Elétrico 20%, Diesel 80%",Sim,Política de contratação inclusiva.,Não,Não há programa estruturado atualmente.,Não,,Não,Sim,Preferência por fornecedores locais e certificados.,Não,Não,Não,Sim,Sem comentários adicionais.,Sim,"Campanhas internas de saúde mental, apoio psicológico e palestras trimestrais."
33,2026-03-04 06:00:00,2026-03-04 07:03:00,anônima,registro_sintetico_23,2026-03-04 07:05:00,Lima - EI - Saúde,40.867.351/0001-19,Até 9 (Microempresa),"De R$ 500 mil a R$ 1,5 milhões",Miguel Monteiro,Analista Ambiental,silveirafernanda@fogaca.br,Sim,Sim,Autuação relacionada ao descarte inadequado de resíduos.,Sim,Sim,ISO 45001,Sim,Sim,Ainda não há calendário estruturado.,Sim,Auditorias internas periódicas.,Sim,Sim,Captação de água da chuva e reutilização parcial.,Sim,Monitoramento mensal do consumo energético.,Sim,Coleta seletiva e parceria com cooperativas.,Sim,Não há cálculo estruturado atualmente.,Não,"Frota híbrida: Elétrico 20%, Diesel 80%",Sim,Iniciativas ainda em desenvolvimento.,Não,Ações educativas em escolas públicas.,Não,,Não,Sim,Preferência por fornecedores locais e certificados.,Sim,Sim,Não,Sim,As práticas variam entre as unidades operacionais.,Sim,Benefícios flexíveis voltados ao bem-estar e acompanhamento emocional.
34,2026-03-05 03:03:00,2026-03-05 03:47:00,sophiafogaca@hotmail.com,registro_sintetico_24,2026-03-05 03:52:00,Oliveira Nunes - ME - Alimentos,87.934.512/0001-03,Até 9 (Microempresa),Acima de R$ 3 milhões,Ana Julia Ferreira,Analista de Sustentabilidade,lorena55@cardoso.br,Não,Não,Não houve sanções registradas.,Sim,Sim,ISO 9001 e ISO 14001,Não,Sim,Treinamentos pontuais conforme necessidade operacional.,Sim,Auditorias internas periódicas.,Não,Não,Captação de água da chuva e reutilização parcial.,Sim,Uso de iluminação LED e controle automatizado.,Sim,Programa de redução de resíduos operacionais.,Não,Inventário anual de emissões com apoio externo.,Não,Gasolina 100%,Sim,Política de contratação inclusiva.,Sim,Não há programa estruturado atualmente.,Sim,,Não,Não,Preferência por fornecedores locais e certificados.,Sim,Não,Não,Sim,Existem projetos-piloto em andamento para melhoria ambiental.,Sim,Parceria com clínica psicológica e ações de qualidade de vida.
35,2026-03-06 08:03:00,2026-03-06 08:41:00,evelynnovaes@hotmail.com,registro_sintetico_25,2026-03-06 08:46:00,Rezende - Varejo,86.541.072/0001-61,100 a 999 (Médio porte),"De R$ 500 mil a R$ 1,5 milhões",Marina Nunes,Consultor(a) ESG,nascimentocamila@ramos.net,Não,Sim,Não houve sanções aplicáveis.,Sim,Não,Não possui certificações formais.,Não,Sim,Treinamentos semestrais sobre descarte de resíduos e ética corporativa.,Sim,Política anticorrupção e treinamentos obrigatórios.,Sim,Não,Troca de equipamentos por modelos mais eficientes.,Sim,Substituição gradual de equipamentos por modelos eficientes.,Sim,Práticas ainda não formalizadas.,Sim,Monitoramento ainda em fase inicial.,Não,Gasolina 100%,Não,Iniciativas ainda em desenvolvimento.,Não,Ações educativas em escolas públicas.,Não,,Sim,Não,Preferência por fornecedores locais e certificados.,Não,Sim,Sim,Não,Atualmente o foco principal está em compliance e gestão de resíduos.,Sim,"Campanhas internas de saúde mental, apoio psicológico e palestras trimestrais."
36,2026-03-07 03:52:00,2026-03-07 04:23:00,anônima,registro_sintetico_26,2026-03-07 04:30:00,Gonçalves - Serviços Digitais,06.372.495/0001-66,100 a 999 (Médio porte),Até R$ 500 mil,Marcos Vinicius Cavalcanti,Supervisor(a) de RH,jda-luz@yahoo.com.br,Sim,Não,Não houve sanções registradas.,Sim,Sim,Nenhuma certificação formal atualmente.,Sim,Sim,Treinamentos pontuais conforme necessidade operacional.,Sim,Política anticorrupção e treinamentos obrigatórios.,Sim,Não,Troca de equipamentos por modelos mais eficientes.,Sim,Monitoramento mensal do consumo energético.,Sim,Coleta seletiva e parceria com cooperativas.,Não,Não há cálculo estruturado atualmente.,Sim,Gasolina 100%,Não,Programa de diversidade com metas internas.,Sim,Ações educativas em escolas públicas.,Sim,,Não,Sim,Critérios básicos de regularidade fiscal e trabalhista.,Sim,Sim,Não,Não,Algumas iniciativas ainda estão sendo estruturadas internamente.,Sim,Parceria com clínica psicológica e ações de qualidade de vida.
37,2026-03-08 06:43:00,2026-03-08 07:48:00,balmeida@gmail.com,registro_sintetico_27,2026-03-08 07:49:00,Moreira - Alimentos,47.608.921/0001-03,100 a 999 (Médio porte),Até R$ 500 mil,Caio Cavalcanti,Analista de Sustentabilidade,limajoao-vitor@pires.org,Sim,Sim,Pendência documental em auditoria trabalhista.,Sim,Sim,ISO 45001,Sim,Sim,Treinamentos pontuais conforme necessidade operacional.,Sim,Controles ainda em implementação.,Sim,Não,Ações pontuais de conscientização interna.,Sim,Monitoramento mensal do consumo energético.,Sim,Coleta seletiva e parceria com cooperativas.,Sim,Não há cálculo estruturado atualmente.,Não,"Frota híbrida: Elétrico 20%, Diesel 80%",Sim,Política de contratação inclusiva.,Não,Campanhas de arrecadação de alimentos.,Sim,,Não,Sim,"Critérios de conformidade legal, ética e boas práticas ambientais.",Sim,Não,Sim,Sim,As práticas variam entre as unidades operacionais.,Sim,Benefícios flexíveis voltados ao bem-estar e acompanhamento emocional.
38,2026-03-09 01:15:00,2026-03-09 01:27:00,anônima,registro_sintetico_28,2026-03-09 01:30:00,Silveira - ME - Alimentos,54.102.973/0001-60,10 a 99 (Pequeno porte),"De R$ 1,5 milhões a R$ 3 milhões",Rebeca Pires,Gerente de Compliance,raquel29@melo.br,Sim,Não,Não houve sanções registradas.,Sim,Sim,ISO 14001,Não,Sim,Capacitações anuais voltadas para ESG e compliance.,Sim,Auditorias internas periódicas.,Sim,Não,Ações pontuais de conscientização interna.,Sim,Uso de iluminação LED e controle automatizado.,Sim,Treinamentos internos para descarte adequado.,Não,Monitoramento ainda em fase inicial.,Não,Gasolina 100%,Não,Iniciativas ainda em desenvolvimento.,Sim,Campanhas de arrecadação de alimentos.,Sim,,Não,Sim,Avaliação documental trabalhista e ambiental antes da contratação.,Sim,Não,Não,Não,Empresa em processo de amadurecimento das práticas ESG.,Sim,"Campanhas internas de saúde mental, apoio psicológico e palestras trimestrais."
39,2026-03-10 03:30:00,2026-03-10 04:00:00,daniloduarte@costela.br,registro_sintetico_29,2026-03-10 04:07:00,Cavalcanti - Logística,71.236.048/0001-41,1.000 ou mais (Grande porte),"De R$ 1,5 milhões a R$ 3 milhões",Maria Clara Viana,Gerente de Compliance,araujojuan@bol.com.br,Sim,Não,Não houve sanções registradas.,Sim,Não,Não possui certificações formais.,Não,Sim,Treinamentos pontuais conforme necessidade operacional.,Sim,Controles ainda em implementação.,Não,Não,Ainda não existem práticas estruturadas.,Sim,Apenas ações básicas de economia.,Sim,Treinamentos internos para descarte adequado.,Sim,Inventário anual de emissões com apoio externo.,Sim,"Etanol 60%, Gasolina 40%",Não,Política de contratação inclusiva.,Sim,Mutirões sociais em parceria com ONGs.,Sim,,Sim,Não,"Critérios de conformidade legal, ética e boas práticas ambientais.",Sim,Não,Não,Não,Algumas iniciativas ainda estão sendo estruturadas internamente.,Sim,Benefícios flexíveis voltados ao bem-estar e acompanhamento emocional.
40,2026-03-11 03:09:00,2026-03-11 03:36:00,anonymous,registro_sintetico_30,2026-03-11 03:42:00,Moraes da Cunha S/A - Serviços Digitais,36.724.890/0001-21,10 a 99 (Pequeno porte),Prefere não informar,Luiz Otávio da Luz,Supervisor(a) de RH,silveiraalicia@gmail.com,Sim,Não,Não houve sanções registradas.,Sim,Não,Não possui certificações formais.,Sim,Sim,Capacitações anuais voltadas para ESG e compliance.,Sim,Canal de denúncias e código de ética.,Sim,Sim,Ainda não existem práticas estruturadas.,Sim,Monitoramento mensal do consumo energético.,Sim,Programa de redução de resíduos operacionais.,Sim,Inventário anual de emissões com apoio externo.,Sim,"Etanol 60%, Gasolina 40%",Não,Treinamentos de conscientização e inclusão.,Não,Ações educativas em escolas públicas.,Sim,,Não,Sim,Avaliação documental trabalhista e ambiental antes da contratação.,Sim,Não,Não,Não,Existem projetos-piloto em andamento para melhoria ambiental.,Sim,"Campanhas internas de saúde mental, apoio psicológico e palestras trimestrais."
41,2026-03-12 03:01:00,2026-03-12 03:13:00,anônima,registro_sintetico_31,2026-03-12 03:20:00,Caldeira da Rosa - ME - Logística,86.930.751/0001-22,10 a 99 (Pequeno porte),"De R$ 500 mil a R$ 1,5 milhões",Lívia Nogueira,Consultor(a) ESG,pviana@ig.com.br,Sim,Sim,Pendência documental em auditoria trabalhista.,Sim,Sim,ISO 9001 e ISO 14001,Sim,Não,Ainda não há calendário estruturado.,Não,Política anticorrupção e treinamentos obrigatórios.,Sim,Não,Captação de água da chuva e reutilização parcial.,Sim,Painéis solares em parte das operações.,Sim,Programa de redução de resíduos operacionais.,Não,Monitoramento ainda em fase inicial.,Não,Gasolina 100%,Sim,Treinamentos de conscientização e inclusão.,Sim,Campanhas de arrecadação de alimentos.,Sim,,Não,Sim,Avaliação documental trabalhista e ambiental antes da contratação.,Sim,Sim,Sim,Não,Existem projetos-piloto em andamento para melhoria ambiental.,Sim,Parceria com clínica psicológica e ações de qualidade de vida.
42,2026-03-13 06:28:00,2026-03-13 07:17:00,helenada-cunha@gomes.com,registro_sintetico_32,2026-03-13 07:19:00,da Luz - Consultoria,90.217.845/0001-26,1.000 ou mais (Grande porte),"De R$ 1,5 milhões a R$ 3 milhões",Dr. Fernando Nunes,Analista Ambiental,felipeda-mata@castro.net,Sim,Não,Não houve sanções registradas.,Sim,Não,Não possui certificações formais.,Sim,Sim,Ainda não há calendário estruturado.,Sim,Política anticorrupção e treinamentos obrigatórios.,Sim,Sim,Monitoramento de consumo e campanhas de redução.,Sim,Painéis solares em parte das operações.,Sim,Treinamentos internos para descarte adequado.,Não,Monitoramento ainda em fase inicial.,Sim,"Diesel 70%, Gasolina 30%",Não,Iniciativas ainda em desenvolvimento.,Não,Campanhas de arrecadação de alimentos.,Sim,,Não,Sim,Análise de histórico socioambiental e reputacional.,Sim,Não,Não,Não,Existem projetos-piloto em andamento para melhoria ambiental.,Sim,Não se aplica
43,2026-03-14 02:55:00,2026-03-14 03:48:00,marcelobarros@teixeira.com,registro_sintetico_33,2026-03-14 03:50:00,Aragão - Educação,79.128.365/0001-56,10 a 99 (Pequeno porte),Até R$ 500 mil,Enrico Silveira,Gerente Administrativo,luiz-gustavogomes@hotmail.com,Sim,Não,Não houve sanções registradas.,Sim,Não,Não possui certificações formais.,Sim,Não,Treinamentos semestrais sobre descarte de resíduos e ética corporativa.,Não,Política anticorrupção e treinamentos obrigatórios.,Sim,Sim,Ações pontuais de conscientização interna.,Sim,Apenas ações básicas de economia.,Não,Treinamentos internos para descarte adequado.,Não,Inventário anual de emissões com apoio externo.,Não,Gasolina 100%,Não,Política de contratação inclusiva.,Não,Não há programa estruturado atualmente.,Sim,,Não,Sim,Análise de histórico socioambiental e reputacional.,Não,Sim,Sim,Não,Sem comentários adicionais.,Sim,Treinamentos sobre saúde emocional e apoio remoto aos colaboradores.
44,2026-03-15 05:50:00,2026-03-15 06:31:00,anônima,registro_sintetico_34,2026-03-15 06:33:00,Aragão e Filhos - Energia,60.714.328/0001-00,10 a 99 (Pequeno porte),Até R$ 500 mil,Luiza Jesus,Diretor(a) Operacional,zcardoso@bol.com.br,Sim,Não,Não houve sanções registradas.,Sim,Não,Não possui certificações formais.,Sim,Não,Treinamentos semestrais sobre descarte de resíduos e ética corporativa.,Sim,Canal de denúncias e código de ética.,Não,Não,Ainda não existem práticas estruturadas.,Sim,Painéis solares em parte das operações.,Sim,Separação de resíduos perigosos e recicláveis.,Não,Estimativas básicas de emissões operacionais.,Não,"Diesel 70%, Gasolina 30%",Sim,Treinamentos de conscientização e inclusão.,Não,Ações educativas em escolas públicas.,Não,,Sim,Sim,Análise de histórico socioambiental e reputacional.,Não,Sim,Não,Não,Atualmente o foco principal está em compliance e gestão de resíduos.,Sim,Benefícios flexíveis voltados ao bem-estar e acompanhamento emocional.
45,2026-03-16 03:56:00,2026-03-16 04:53:00,anônima,registro_sintetico_35,2026-03-16 04:58:00,Rodrigues - Energia,40.752.136/0001-72,10 a 99 (Pequeno porte),"De R$ 500 mil a R$ 1,5 milhões",Dra. Camila Freitas,Analista de Sustentabilidade,cauadias@ig.com.br,Sim,Não,Não houve sanções registradas.,Sim,Sim,ISO 14001,Não,Sim,Treinamentos semestrais sobre descarte de resíduos e ética corporativa.,Sim,Auditorias internas periódicas.,Sim,Não,Captação de água da chuva e reutilização parcial.,Não,Uso de iluminação LED e controle automatizado.,Não,Separação de resíduos perigosos e recicláveis.,Não,Não há cálculo estruturado atualmente.,Não,"Diesel 70%, Gasolina 30%",Sim,Iniciativas ainda em desenvolvimento.,Não,Mutirões sociais em parceria com ONGs.,Sim,,Não,Sim,"Critérios de conformidade legal, ética e boas práticas ambientais.",Não,Não,Não,Sim,A companhia pretende ampliar as ações socioambientais nos próximos anos.,Sim,"Campanhas internas de saúde mental, apoio psicológico e palestras trimestrais."
46,2026-03-17 07:49:00,2026-03-17 08:50:00,anonymous,registro_sintetico_36,2026-03-17 08:58:00,da Luz - ME - Consultoria,26.814.539/0001-78,100 a 999 (Médio porte),"De R$ 500 mil a R$ 1,5 milhões",Guilherme Teixeira,Gerente Administrativo,moraesmatheus@teixeira.net,Sim,Não,Não houve sanções registradas.,Sim,Não,Não possui certificações formais.,Sim,Sim,Treinamentos pontuais conforme necessidade operacional.,Sim,Canal de denúncias e código de ética.,Sim,Sim,Ainda não existem práticas estruturadas.,Sim,Uso de iluminação LED e controle automatizado.,Não,Programa de redução de resíduos operacionais.,Sim,Inventário anual de emissões com apoio externo.,Não,"Frota híbrida: Elétrico 20%, Diesel 80%",Sim,Treinamentos de conscientização e inclusão.,Sim,Campanhas de arrecadação de alimentos.,Sim,,Não,Sim,"Critérios de conformidade legal, ética e boas práticas ambientais.",Sim,Sim,Não,Não,Existem projetos-piloto em andamento para melhoria ambiental.,Sim,Parceria com clínica psicológica e ações de qualidade de vida.
47,2026-03-18 04:19:00,2026-03-18 05:02:00,anônima,registro_sintetico_37,2026-03-18 05:03:00,Melo - Energia,80.379.241/0001-22,100 a 999 (Médio porte),Até R$ 500 mil,João Vitor da Mota,Coordenador(a) ESG,ribeiroyuri@moreira.com,Sim,Não,Não houve sanções registradas.,Sim,Sim,ISO 14001,Não,Não,Treinamentos pontuais conforme necessidade operacional.,Sim,Política anticorrupção e treinamentos obrigatórios.,Sim,Não,Captação de água da chuva e reutilização parcial.,Não,Painéis solares em parte das operações.,Não,Programa de redução de resíduos operacionais.,Não,Estimativas básicas de emissões operacionais.,Não,"Diesel 70%, Gasolina 30%",Não,Iniciativas ainda em desenvolvimento.,Sim,Mutirões sociais em parceria com ONGs.,Sim,,Não,Sim,Preferência por fornecedores locais e certificados.,Sim,Não,Não,Sim,Existem projetos-piloto em andamento para melhoria ambiental.,Sim,Parceria com clínica psicológica e ações de qualidade de vida.
48,2026-03-19 05:31:00,2026-03-19 05:51:00,anônima,registro_sintetico_38,2026-03-19 05:56:00,Novaes - ME - Varejo,01.725.693/0001-42,100 a 999 (Médio porte),Até R$ 500 mil,Juliana Ferreira,Consultor(a) ESG,barbararibeiro@uol.com.br,Sim,Não,Não houve sanções registradas.,Sim,Sim,Nenhuma certificação formal atualmente.,Sim,Sim,Ainda não há calendário estruturado.,Sim,Política anticorrupção e treinamentos obrigatórios.,Não,Não,Monitoramento de consumo e campanhas de redução.,Sim,Substituição gradual de equipamentos por modelos eficientes.,Sim,Treinamentos internos para descarte adequado.,Não,Inventário anual de emissões com apoio externo.,Sim,"Etanol 60%, Gasolina 40%",Sim,Iniciativas ainda em desenvolvimento.,Sim,Não há programa estruturado atualmente.,Sim,,Não,Não,Critérios básicos de regularidade fiscal e trabalhista.,Não,Sim,Não,Não,Empresa em processo de amadurecimento das práticas ESG.,Sim,"Campanhas internas de saúde mental, apoio psicológico e palestras trimestrais."
49,2026-03-20 05:43:00,2026-03-20 06:31:00,davi35@cardoso.com,registro_sintetico_39,2026-03-20 06:38:00,da Mata - Varejo,79.214.560/0001-07,10 a 99 (Pequeno porte),Acima de R$ 3 milhões,Beatriz das Neves,Gerente de Compliance,miguel94@ribeiro.br,Sim,Não,Não houve sanções registradas.,Sim,Sim,ISO 9001 e ISO 14001,Sim,Não,Treinamentos semestrais sobre descarte de resíduos e ética corporativa.,Sim,Controles ainda em implementação.,Não,Sim,Monitoramento de consumo e campanhas de redução.,Sim,Apenas ações básicas de economia.,Sim,Treinamentos internos para descarte adequado.,Não,Monitoramento ainda em fase inicial.,Sim,"Diesel 70%, Gasolina 30%",Sim,Treinamentos de conscientização e inclusão.,Não,Não há programa estruturado atualmente.,Não,,Sim,Sim,Análise de histórico socioambiental e reputacional.,Sim,Não,Não,Não,Algumas iniciativas ainda estão sendo estruturadas internamente.,Sim,"Campanhas internas de saúde mental, apoio psicológico e palestras trimestrais."
50,2026-03-21 01:02:00,2026-03-21 01:18:00,anônima,registro_sintetico_40,2026-03-21 01:20:00,Melo - Saúde,23.586.974/0001-02,Até 9 (Microempresa),Acima de R$ 3 milhões,Marina da Conceição,Analista Ambiental,enascimento@hotmail.com,Sim,Não,Não houve sanções registradas.,Sim,Não,Não possui certificações formais.,Sim,Sim,Capacitações anuais voltadas para ESG e compliance.,Sim,Auditorias internas periódicas.,Não,Sim,Monitoramento de consumo e campanhas de redução.,Não,Substituição gradual de equipamentos por modelos eficientes.,Sim,Programa de redução de resíduos operacionais.,Não,Inventário anual de emissões com apoio externo.,Não,"Frota híbrida: Elétrico 20%, Diesel 80%",Sim,Treinamentos de conscientização e inclusão.,Não,Campanhas de arrecadação de alimentos.,Sim,,Não,Não,Critérios básicos de regularidade fiscal e trabalhista.,Sim,Sim,Não,Sim,A companhia pretende ampliar as ações socioambientais nos próximos anos.,Sim,Benefícios flexíveis voltados ao bem-estar e acompanhamento emocional.
51,2026-03-22 05:28:00,2026-03-22 05:40:00,anonymous,registro_sintetico_41,2026-03-22 05:48:00,Cunha - Saúde,68.957.403/0001-67,10 a 99 (Pequeno porte),"De R$ 500 mil a R$ 1,5 milhões",Dr. Diogo da Rocha,Gerente Administrativo,jesuskamilly@jesus.br,Sim,Não,Não houve sanções registradas.,Sim,Não,Não possui certificações formais.,Sim,Sim,Capacitações anuais voltadas para ESG e compliance.,Sim,Auditorias internas periódicas.,Sim,Não,Troca de equipamentos por modelos mais eficientes.,Não,Apenas ações básicas de economia.,Não,Coleta seletiva e parceria com cooperativas.,Não,Monitoramento ainda em fase inicial.,Sim,"Frota híbrida: Elétrico 20%, Diesel 80%",Sim,Política de contratação inclusiva.,Não,Campanhas de arrecadação de alimentos.,Sim,,Não,Sim,Avaliação documental trabalhista e ambiental antes da contratação.,Não,Não,Não,Não,As práticas variam entre as unidades operacionais.,Sim,Parceria com clínica psicológica e ações de qualidade de vida.
52,2026-03-23 00:21:00,2026-03-23 01:21:00,anônima,registro_sintetico_42,2026-03-23 01:22:00,das Neves - Tecnologia,04.736.192/0001-50,Até 9 (Microempresa),"De R$ 1,5 milhões a R$ 3 milhões",Ana Carolina Viana,Analista de Sustentabilidade,kpeixoto@duarte.br,Sim,Não,Não houve sanções registradas.,Sim,Não,Não possui certificações formais.,Sim,Não,Ainda não há calendário estruturado.,Sim,Controles ainda em implementação.,Sim,Sim,Monitoramento de consumo e campanhas de redução.,Sim,Painéis solares em parte das operações.,Sim,Separação de resíduos perigosos e recicláveis.,Não,Monitoramento ainda em fase inicial.,Não,"Etanol 60%, Gasolina 40%",Não,Política de contratação inclusiva.,Não,Ações educativas em escolas públicas.,Não,,Não,Sim,"Critérios de conformidade legal, ética e boas práticas ambientais.",Sim,Não,Sim,Sim,Empresa em processo de amadurecimento das práticas ESG.,Sim,Parceria com clínica psicológica e ações de qualidade de vida.
53,2026-03-24 00:25:00,2026-03-24 00:51:00,pietra91@ig.com.br,registro_sintetico_43,2026-03-24 00:58:00,Santos - Serviços Digitais,79.452.063/0001-39,10 a 99 (Pequeno porte),Prefere não informar,Felipe Cardoso,Analista Ambiental,ana-juliajesus@da.org,Sim,Não,Não houve sanções registradas.,Sim,Não,Não possui certificações formais.,Não,Sim,Treinamentos pontuais conforme necessidade operacional.,Sim,Canal de denúncias e código de ética.,Não,Sim,Captação de água da chuva e reutilização parcial.,Sim,Monitoramento mensal do consumo energético.,Sim,Treinamentos internos para descarte adequado.,Não,Não há cálculo estruturado atualmente.,Não,Diesel 100%,Sim,Programa de diversidade com metas internas.,Não,Não há programa estruturado atualmente.,Sim,,Não,Não,Preferência por fornecedores locais e certificados.,Sim,Sim,Não,Não,A companhia pretende ampliar as ações socioambientais nos próximos anos.,Sim,"Ginástica laboral, acompanhamento psicológico e rodas de conversa."
54,2026-03-25 00:37:00,2026-03-25 01:09:00,anônima,registro_sintetico_44,2026-03-25 01:17:00,Nunes - Educação,19.450.672/0001-27,Até 9 (Microempresa),Prefere não informar,Luiz Henrique da Cunha,Analista Ambiental,mcardoso@costa.org,Sim,Não,Não houve sanções registradas.,Sim,Sim,ISO 9001 e ISO 14001,Não,Sim,Ainda não há calendário estruturado.,Sim,Canal de denúncias e código de ética.,Sim,Não,Ações pontuais de conscientização interna.,Sim,Substituição gradual de equipamentos por modelos eficientes.,Sim,Práticas ainda não formalizadas.,Não,Estimativas básicas de emissões operacionais.,Sim,"Frota híbrida: Elétrico 20%, Diesel 80%",Sim,Iniciativas ainda em desenvolvimento.,Não,Ações educativas em escolas públicas.,Sim,,Não,Sim,Critérios básicos de regularidade fiscal e trabalhista.,Sim,Não,Não,Não,Atualmente o foco principal está em compliance e gestão de resíduos.,Sim,Não se aplica
55,2026-03-26 04:58:00,2026-03-26 05:25:00,araujoana-livia@yahoo.com.br,registro_sintetico_45,2026-03-26 05:26:00,Ferreira - Serviços Digitais,27.843.516/0001-54,10 a 99 (Pequeno porte),Prefere não informar,Bruna Gonçalves,Analista de Sustentabilidade,wlopes@uol.com.br,Sim,Não,Não houve sanções registradas.,Sim,Não,Não possui certificações formais.,Sim,Sim,Ainda não há calendário estruturado.,Sim,Auditorias internas periódicas.,Sim,Não,Monitoramento de consumo e campanhas de redução.,Sim,Painéis solares em parte das operações.,Sim,Separação de resíduos perigosos e recicláveis.,Não,Não há cálculo estruturado atualmente.,Não,Diesel 100%,Sim,Iniciativas ainda em desenvolvimento.,Não,Campanhas de arrecadação de alimentos.,Não,,Sim,Sim,Análise de histórico socioambiental e reputacional.,Sim,Sim,Sim,Não,A companhia pretende ampliar as ações socioambientais nos próximos anos.,Sim,Não se aplica