name,exchange,environment_score,social_score,governance_score,total_level
Walt Disney Co,"NEW YORK STOCK EXCHANGE, INC.",510,316,321,High
General Motors Co,"NEW YORK STOCK EXCHANGE, INC.",510,303,255,High
WW Grainger Inc,"NEW YORK STOCK EXCHANGE, INC.",255,385,240,Medium
Mohawk Industries Inc,"NEW YORK STOCK EXCHANGE, INC.",570,298,303,High
Live Nation Entertainment Inc,"NEW YORK STOCK EXCHANGE, INC.",492,310,250,High
Las Vegas Sands Corp,"NEW YORK STOCK EXCHANGE, INC.",547,318,313,High
Clorox Co,"NEW YORK STOCK EXCHANGE, INC.",560,350,345,High
ATA Creativity Global,NASDAQ NMS - GLOBAL MARKET,203,200,205,Medium
American Airlines Group Inc,NASDAQ NMS - GLOBAL MARKET,270,211,265,Medium
Atlantic American Corp,NASDAQ NMS - GLOBAL MARKET,220,221,300,Medium
Applied Optoelectronics Inc,NASDAQ NMS - GLOBAL MARKET,311,256,218,Medium
Aaon Inc,NASDAQ NMS - GLOBAL MARKET,500,300,223,High
Apple Inc,NASDAQ NMS - GLOBAL MARKET,355,281,255,Medium
Autoscope Technologies Corp,NASDAQ NMS - GLOBAL MARKET,410,286,240,High
Atlas Air Worldwide Holdings Inc,NASDAQ NMS - GLOBAL MARKET,520,243,237,High
Armada Acquisition Corp I,NASDAQ NMS - GLOBAL MARKET,205,200,200,Medium
Aadi Bioscience Inc,NASDAQ NMS - GLOBAL MARKET,200,201,203,Medium
Abeona Therapeutics Inc,NASDAQ NMS - GLOBAL MARKET,205,306,310,Medium
Airbnb Inc,NASDAQ NMS - GLOBAL MARKET,505,570,400,High
ARCA Biopharma Inc,NASDAQ NMS - GLOBAL MARKET,200,222,290,Medium
ABIOMED Inc,NASDAQ NMS - GLOBAL MARKET,500,324,305,High
Acumen Pharmaceuticals Inc,NASDAQ NMS - GLOBAL MARKET,205,201,200,Medium
Absci Corp,NASDAQ NMS - GLOBAL MARKET,205,224,230,Medium
Allegiance Bancshares Inc,NASDAQ NMS - GLOBAL MARKET,298,300,300,Medium
Arbutus Biopharma Corp,NASDAQ NMS - GLOBAL MARKET,203,204,338,Medium
ABVC Biopharma Inc,NASDAQ NMS - GLOBAL MARKET,220,212,205,Medium
ACADIA Pharmaceuticals Inc,NASDAQ NMS - GLOBAL MARKET,230,230,305,Medium
Acri Capital Acquisition Corp,NASDAQ NMS - GLOBAL MARKET,200,205,300,Medium
Accolade Inc,NASDAQ NMS - GLOBAL MARKET,255,254,235,Medium
Adicet Bio Inc,NASDAQ NMS - GLOBAL MARKET,215,211,305,Medium
Abcellera Biologics Inc,NASDAQ NMS - GLOBAL MARKET,540,354,345,High
Ameris Bancorp,NASDAQ NMS - GLOBAL MARKET,290,300,250,Medium
ACE Convergence Acquisition Corp,NASDAQ NMS - GLOBAL MARKET,225,211,215,Medium
Achilles Therapeutics PLC,NASDAQ NMS - GLOBAL MARKET,230,288,285,Medium
Acadia Healthcare Company Inc,NASDAQ NMS - GLOBAL MARKET,330,231,220,Medium
ACI Worldwide Inc,NASDAQ NMS - GLOBAL MARKET,500,327,300,High
Axcelis Technologies Inc,NASDAQ NMS - GLOBAL MARKET,515,306,260,High
AC Immune SA,NASDAQ NMS - GLOBAL MARKET,250,296,305,Medium
Achieve Life Sciences Inc,NASDAQ NMS - GLOBAL MARKET,215,222,305,Medium
ACM Research Inc,NASDAQ NMS - GLOBAL MARKET,410,232,325,High
Acorda Therapeutics Inc,NASDAQ NMS - GLOBAL MARKET,230,307,310,Medium
ACNB Corp,NASDAQ NMS - GLOBAL MARKET,220,219,215,Medium
Aclaris Therapeutics Inc,NASDAQ NMS - GLOBAL MARKET,230,207,220,Medium
AcelRx Pharmaceuticals Inc,NASDAQ NMS - GLOBAL MARKET,200,237,300,Medium
Enact Holdings Inc,NASDAQ NMS - GLOBAL MARKET,540,328,315,High
Acacia Research Corp,NASDAQ NMS - GLOBAL MARKET,200,200,275,Medium
ACV Auctions Inc,NASDAQ NMS - GLOBAL MARKET,235,262,315,Medium
Adagene Inc,NASDAQ NMS - GLOBAL MARKET,295,301,305,High
Acurx Pharmaceuticals Inc,NASDAQ NMS - GLOBAL MARKET,235,301,305,Medium
Adobe Inc,NASDAQ NMS - GLOBAL MARKET,200,221,200,Medium
Adaptimmune Therapeutics PLC,NASDAQ NMS - GLOBAL MARKET,365,283,305,High
ADMA Biologics Inc,NASDAQ NMS - GLOBAL MARKET,240,264,320,Medium
Advanced Emissions Solutions Inc,NASDAQ NMS - GLOBAL MARKET,205,201,300,Medium
Analog Devices Inc,NASDAQ NMS - GLOBAL MARKET,350,318,300,High
Adial Pharmaceuticals Inc,NASDAQ NMS - GLOBAL MARKET,200,203,300,Medium
Adamis Pharmaceuticals Corp,NASDAQ NMS - GLOBAL MARKET,285,204,215,Medium
Acer Therapeutics Inc,NASDAQ NMS - GLOBAL MARKET,223,291,310,Medium
Edoc Acquisition Corp,NASDAQ NMS - GLOBAL MARKET,215,301,300,Medium
Addus Homecare Corp,NASDAQ NMS - GLOBAL MARKET,210,215,218,Medium
Arch Capital Group Ltd,NASDAQ NMS - GLOBAL MARKET,500,300,300,High
Adaptive Biotechnologies Corp,NASDAQ NMS - GLOBAL MARKET,260,348,260,Medium
Autodesk Inc,NASDAQ NMS - GLOBAL MARKET,555,304,310,High
Automatic Data Processing Inc,NASDAQ NMS - GLOBAL MARKET,500,300,200,High
Aditxt Inc,NASDAQ NMS - GLOBAL MARKET,210,224,305,Medium
Advantage Solutions Inc,NASDAQ NMS - GLOBAL MARKET,515,269,328,High
Adverum Biotechnologies Inc,NASDAQ NMS - GLOBAL MARKET,262,321,235,Medium
Aehr Test Systems,NASDAQ NMS - GLOBAL MARKET,290,262,300,Medium
Antelope Enterprise Holdings Ltd,NASDAQ NMS - GLOBAL MARKET,238,237,325,Medium
Alset Ehome International Inc,NASDAQ NMS - GLOBAL MARKET,520,207,210,High
Advanced Energy Industries Inc,NASDAQ NMS - GLOBAL MARKET,500,300,300,High
American Electric Power Company Inc,NASDAQ NMS - GLOBAL MARKET,500,300,300,High
Aethlon Medical Inc,NASDAQ NMS - GLOBAL MARKET,200,262,315,Medium
Allied Esports Entertainment Inc,NASDAQ NMS - GLOBAL MARKET,200,200,200,Medium
AudioEye Inc,NASDAQ NMS - GLOBAL MARKET,235,301,308,Medium
Aerie Pharmaceuticals Inc,NASDAQ NMS - GLOBAL MARKET,500,264,310,High
ADDvantage Technologies Group Inc,NASDAQ NMS - GLOBAL MARKET,235,234,300,Medium
AF Acquisition Corp,NASDAQ NMS - GLOBAL MARKET,200,200,200,Medium
Affimed NV,NASDAQ NMS - GLOBAL MARKET,368,304,310,High
AFC Gamma Inc,NASDAQ NMS - GLOBAL MARKET,255,204,226,Medium
Affinity Bancshares Inc,NASDAQ NMS - GLOBAL MARKET,200,207,200,Medium
Affirm Holdings Inc,NASDAQ NMS - GLOBAL MARKET,225,335,335,Medium
Acutus Medical Inc,NASDAQ NMS - GLOBAL MARKET,205,211,235,Medium
Agenus Inc,NASDAQ NMS - GLOBAL MARKET,290,245,300,Medium
Afya Ltd,NASDAQ NMS - GLOBAL MARKET,290,203,205,Medium
AgroFresh Solutions Inc,NASDAQ NMS - GLOBAL MARKET,500,301,275,High
Agrify Corp,NASDAQ NMS - GLOBAL MARKET,540,361,305,High
AgileThought Inc,NASDAQ NMS - GLOBAL MARKET,340,299,305,High
AGM Group Holdings Inc,NASDAQ NMS - GLOBAL MARKET,205,204,210,Medium
Agios Pharmaceuticals Inc,NASDAQ NMS - GLOBAL MARKET,520,303,325,High
Aeglea Bio Therapeutics Inc,NASDAQ NMS - GLOBAL MARKET,205,223,200,Medium
AGNC Investment Corp,NASDAQ NMS - GLOBAL MARKET,382,242,305,High
AgriFORCE Growing Systems Ltd,NASDAQ NMS - GLOBAL MARKET,510,248,305,High
Agile Therapeutics Inc,NASDAQ NMS - GLOBAL MARKET,240,203,260,Medium
Agilysys Inc,NASDAQ NMS - GLOBAL MARKET,500,303,300,High
Applied Genetic Technologies Corp,NASDAQ NMS - GLOBAL MARKET,235,323,305,Medium
Adapthealth Corp,NASDAQ NMS - GLOBAL MARKET,210,211,235,Medium
Allied Healthcare Products Inc,NASDAQ NMS - GLOBAL MARKET,210,228,325,Medium
AIB Acquisition Corp,NASDAQ NMS - GLOBAL MARKET,215,227,300,Medium
ADTRAN Inc,NASDAQ NMS - GLOBAL MARKET,510,308,300,High
Advent Technologies Holdings Inc,NASDAQ NMS - GLOBAL MARKET,250,203,220,Medium
Aikido Pharma Inc,NASDAQ NMS - GLOBAL MARKET,200,235,205,Medium
Sports Ventures Acquisition Corp,NASDAQ NMS - GLOBAL MARKET,200,205,230,Medium
Arteris Inc,NASDAQ NMS - GLOBAL MARKET,500,286,300,High
Akero Therapeutics Inc,NASDAQ NMS - GLOBAL MARKET,250,246,305,Medium
Air T Inc,NASDAQ NMS - GLOBAL MARKET,234,210,325,Medium
Altra Industrial Motion Corp,NASDAQ NMS - GLOBAL MARKET,525,315,305,High
Akebia Therapeutics Inc,NASDAQ NMS - GLOBAL MARKET,200,218,215,Medium
Airgain Inc,NASDAQ NMS - GLOBAL MARKET,500,300,330,High
Airsculpt Technologies Inc,NASDAQ NMS - GLOBAL MARKET,210,201,205,Medium
Akamai Technologies Inc,NASDAQ NMS - GLOBAL MARKET,515,341,305,High
Akumin Inc,NASDAQ NMS - GLOBAL MARKET,455,347,300,High
Akouos Inc,NASDAQ NMS - GLOBAL MARKET,205,221,295,Medium
Akoustis Technologies Inc,NASDAQ NMS - GLOBAL MARKET,222,302,428,High
Akari Therapeutics PLC,NASDAQ NMS - GLOBAL MARKET,225,216,305,Medium
Albireo Pharma Inc,NASDAQ NMS - GLOBAL MARKET,500,300,310,High
Akoya Biosciences Inc,NASDAQ NMS - GLOBAL MARKET,512,303,215,High
Alico Inc,NASDAQ NMS - GLOBAL MARKET,500,300,300,High
Aldeyra Therapeutics Inc,NASDAQ NMS - GLOBAL MARKET,231,261,235,Medium
Alector Inc,NASDAQ NMS - GLOBAL MARKET,240,277,300,Medium
Allegro Microsystems Inc,NASDAQ NMS - GLOBAL MARKET,542,314,250,High
Alfi Inc,NASDAQ NMS - GLOBAL MARKET,225,260,315,Medium
Align Technology Inc,NASDAQ NMS - GLOBAL MARKET,235,285,255,Medium
Aligos Therapeutics Inc,NASDAQ NMS - GLOBAL MARKET,210,222,235,Medium
Alignment Healthcare LLC,NASDAQ NMS - GLOBAL MARKET,210,302,256,Medium
Alkermes Plc,NASDAQ NMS - GLOBAL MARKET,415,302,333,High
Alimera Sciences Inc,NASDAQ NMS - GLOBAL MARKET,220,228,243,Medium
Allegiant Travel Co,NASDAQ NMS - GLOBAL MARKET,287,208,248,Medium
Aesthetic Medical International Holdings Group Ltd,NASDAQ NMS - GLOBAL MARKET,220,250,300,Medium
Alkami Technology Inc,NASDAQ NMS - GLOBAL MARKET,280,305,260,Medium
Alnylam Pharmaceuticals Inc,NASDAQ NMS - GLOBAL MARKET,331,346,325,High
Allot Ltd,NASDAQ NMS - GLOBAL MARKET,508,324,310,High
Allogene Therapeutics Inc,NASDAQ NMS - GLOBAL MARKET,535,324,305,High
Applied Materials Inc,NASDAQ NMS - GLOBAL MARKET,525,317,300,High
Advanced Micro Devices Inc,NASDAQ NMS - GLOBAL MARKET,200,208,200,Medium
Activision Blizzard Inc,NASDAQ NMS - GLOBAL MARKET,280,347,330,High
Broadcom Inc,NASDAQ NMS - GLOBAL MARKET,210,212,200,Medium
ANSYS Inc,NASDAQ NMS - GLOBAL MARKET,580,337,285,High
Amazon.com Inc,NASDAQ NMS - GLOBAL MARKET,668,305,460,High
Senmiao Technology Ltd,NASDAQ NMS - GLOBAL MARKET,220,203,200,Medium
APA Corp (US),NASDAQ NMS - GLOBAL MARKET,510,316,325,High
Biogen Inc,NASDAQ NMS - GLOBAL MARKET,380,303,364,High
Booking Holdings Inc,NASDAQ NMS - GLOBAL MARKET,558,306,310,High
Cadence Design Systems Inc,NASDAQ NMS - GLOBAL MARKET,500,308,295,High
CDW Corp,NASDAQ NMS - GLOBAL MARKET,225,209,200,Medium
CH Robinson Worldwide Inc,NASDAQ NMS - GLOBAL MARKET,575,330,338,High
Cincinnati Financial Corp,NASDAQ NMS - GLOBAL MARKET,235,275,250,Medium
Charter Communications Inc,NASDAQ NMS - GLOBAL MARKET,500,300,300,High
Comcast Corp,NASDAQ NMS - GLOBAL MARKET,507,343,315,High
Copart Inc,NASDAQ NMS - GLOBAL MARKET,270,204,205,Medium
Costco Wholesale Corp,NASDAQ NMS - GLOBAL MARKET,537,306,225,High
CSX Corp,NASDAQ NMS - GLOBAL MARKET,510,310,325,High
Cognizant Technology Solutions Corp,NASDAQ NMS - GLOBAL MARKET,605,365,300,High
CME Group Inc,NASDAQ NMS - GLOBAL MARKET,375,237,200,Medium
Cisco Systems Inc,NASDAQ NMS - GLOBAL MARKET,280,234,220,Medium
Cintas Corp,NASDAQ NMS - GLOBAL MARKET,500,300,300,High
Citrix Systems Inc,NASDAQ NMS - GLOBAL MARKET,530,305,305,High
Caesars Entertainment Inc,NASDAQ NMS - GLOBAL MARKET,265,228,200,Medium
DISH Network Corp,NASDAQ NMS - GLOBAL MARKET,210,263,205,Medium
Dollar Tree Inc,NASDAQ NMS - GLOBAL MARKET,235,208,215,Medium
Dexcom Inc,NASDAQ NMS - GLOBAL MARKET,215,236,215,Medium
Electronic Arts Inc,NASDAQ NMS - GLOBAL MARKET,360,300,225,Medium
Alliant Energy Corp,NASDAQ NMS - GLOBAL MARKET,519,307,300,High
Diamondback Energy Inc,NASDAQ NMS - GLOBAL MARKET,513,271,300,High
eBay Inc,NASDAQ NMS - GLOBAL MARKET,500,302,305,High
LKQ Corp,NASDAQ NMS - GLOBAL MARKET,515,300,305,High
Alphabet Inc,NASDAQ NMS - GLOBAL MARKET,295,362,355,High
Marriott International Inc,NASDAQ NMS - GLOBAL MARKET,215,200,215,Medium
Microchip Technology Inc,NASDAQ NMS - GLOBAL MARKET,500,300,300,High
Lam Research Corp,NASDAQ NMS - GLOBAL MARKET,510,325,315,High
Mondelez International Inc,NASDAQ NMS - GLOBAL MARKET,520,307,300,High
Meta Platforms Inc,NASDAQ NMS - GLOBAL MARKET,205,232,215,Medium
Marketaxess Holdings Inc,NASDAQ NMS - GLOBAL MARKET,230,213,210,Medium
Monster Beverage Corp,NASDAQ NMS - GLOBAL MARKET,515,344,300,High
Moderna Inc,NASDAQ NMS - GLOBAL MARKET,500,300,300,High
Match Group Inc,NASDAQ NMS - GLOBAL MARKET,245,389,311,High
Monolithic Power Systems Inc,NASDAQ NMS - GLOBAL MARKET,330,287,235,Medium
Microsoft Corp,NASDAQ NMS - GLOBAL MARKET,715,443,375,High
Micron Technology Inc,NASDAQ NMS - GLOBAL MARKET,530,330,300,High
Nasdaq Inc,NASDAQ NMS - GLOBAL MARKET,505,310,300,High
NortonLifeLock Inc,NASDAQ NMS - GLOBAL MARKET,505,315,305,High
Northern Trust Corp,NASDAQ NMS - GLOBAL MARKET,250,226,225,Medium
Newell Brands Inc,NASDAQ NMS - GLOBAL MARKET,525,303,315,High
NVIDIA Corp,NASDAQ NMS - GLOBAL MARKET,323,301,275,Medium
Allakos Inc,NASDAQ NMS - GLOBAL MARKET,200,273,300,Medium
News Corp,NASDAQ NMS - GLOBAL MARKET,509,300,300,High
Old Dominion Freight Line Inc,NASDAQ NMS - GLOBAL MARKET,467,423,280,High
Paccar Inc,NASDAQ NMS - GLOBAL MARKET,568,343,305,High
NXP Semiconductors NV,NASDAQ NMS - GLOBAL MARKET,505,329,305,High
O'Reilly Automotive Inc,NASDAQ NMS - GLOBAL MARKET,500,300,300,High
Paychex Inc,NASDAQ NMS - GLOBAL MARKET,500,300,200,High
Principal Financial Group Inc,NASDAQ NMS - GLOBAL MARKET,555,320,300,High
Ross Stores Inc,NASDAQ NMS - GLOBAL MARKET,375,325,300,High
SBA Communications Corp,NASDAQ NMS - GLOBAL MARKET,250,251,215,Medium
Qualcomm Inc,NASDAQ NMS - GLOBAL MARKET,409,300,300,High
Pool Corp,NASDAQ NMS - GLOBAL MARKET,525,306,313,High
PepsiCo Inc,NASDAQ NMS - GLOBAL MARKET,719,340,358,High
Starbucks Corp,NASDAQ NMS - GLOBAL MARKET,475,385,295,High
Regency Centers Corp,NASDAQ NMS - GLOBAL MARKET,575,372,365,High
Qorvo Inc,NASDAQ NMS - GLOBAL MARKET,535,310,305,High
PTC Inc,NASDAQ NMS - GLOBAL MARKET,550,302,308,High
PENN Entertainment Inc,NASDAQ NMS - GLOBAL MARKET,371,300,220,Medium
PayPal Holdings Inc,NASDAQ NMS - GLOBAL MARKET,370,244,285,Medium
Regeneron Pharmaceuticals Inc,NASDAQ NMS - GLOBAL MARKET,505,327,305,High
Amgen Inc,NASDAQ NMS - GLOBAL MARKET,575,312,328,High
Synopsys Inc,NASDAQ NMS - GLOBAL MARKET,525,316,315,High
Seagate Technology Holdings PLC,NASDAQ NMS - GLOBAL MARKET,540,355,300,High
Bio-Techne Corp,NASDAQ NMS - GLOBAL MARKET,510,268,300,High
Teradyne Inc,NASDAQ NMS - GLOBAL MARKET,507,328,315,High
Skyworks Solutions Inc,NASDAQ NMS - GLOBAL MARKET,515,303,270,High
Trimble Inc,NASDAQ NMS - GLOBAL MARKET,550,415,315,High
T Rowe Price Group Inc,NASDAQ NMS - GLOBAL MARKET,510,325,310,High
Take-Two Interactive Software Inc,NASDAQ NMS - GLOBAL MARKET,225,307,310,Medium
Tesla Inc,NASDAQ NMS - GLOBAL MARKET,555,160,278,High
Tractor Supply Co,NASDAQ NMS - GLOBAL MARKET,500,300,200,High
Texas Instruments Inc,NASDAQ NMS - GLOBAL MARKET,500,300,300,High
T-Mobile US Inc,NASDAQ NMS - GLOBAL MARKET,342,331,230,High
United Airlines Holdings Inc,NASDAQ NMS - GLOBAL MARKET,205,203,221,Medium
Verisk Analytics Inc,NASDAQ NMS - GLOBAL MARKET,615,366,300,High
Ulta Beauty Inc,NASDAQ NMS - GLOBAL MARKET,205,242,200,Medium
Vertex Pharmaceuticals Inc,NASDAQ NMS - GLOBAL MARKET,500,300,300,High
Viatris Inc,NASDAQ NMS - GLOBAL MARKET,500,300,200,High
Verisign Inc,NASDAQ NMS - GLOBAL MARKET,548,354,325,High
Walgreens Boots Alliance Inc,NASDAQ NMS - GLOBAL MARKET,515,325,300,High
NetApp Inc,NASDAQ NMS - GLOBAL MARKET,545,359,325,High
Xcel Energy Inc,NASDAQ NMS - GLOBAL MARKET,223,201,205,Medium
DENTSPLY SIRONA Inc,NASDAQ NMS - GLOBAL MARKET,530,318,305,High
Zebra Technologies Corp,NASDAQ NMS - GLOBAL MARKET,320,317,300,High
Advance Auto Parts Inc,"NEW YORK STOCK EXCHANGE, INC.",264,261,210,Medium
Zions Bancorporation NA,NASDAQ NMS - GLOBAL MARKET,200,200,200,Medium
Wynn Resorts Ltd,NASDAQ NMS - GLOBAL MARKET,225,201,200,Medium
Agilent Technologies Inc,"NEW YORK STOCK EXCHANGE, INC.",573,231,233,High
Abbvie Inc,"NEW YORK STOCK EXCHANGE, INC.",505,317,300,High
Amerisourcebergen Corp,"NEW YORK STOCK EXCHANGE, INC.",505,300,315,High
Archer-Daniels-Midland Co,"NEW YORK STOCK EXCHANGE, INC.",587,353,305,High
Abbott Laboratories,"NEW YORK STOCK EXCHANGE, INC.",515,305,305,High
Ameren Corp,"NEW YORK STOCK EXCHANGE, INC.",562,345,300,High
AES Corp,"NEW YORK STOCK EXCHANGE, INC.",525,326,370,High
Aflac Inc,"NEW YORK STOCK EXCHANGE, INC.",454,300,235,High
Accenture PLC,"NEW YORK STOCK EXCHANGE, INC.",515,360,305,High
Arthur J. Gallagher & Co.,"NEW YORK STOCK EXCHANGE, INC.",530,344,310,High
Assurant Inc,"NEW YORK STOCK EXCHANGE, INC.",438,316,300,High
Alaska Air Group Inc,"NEW YORK STOCK EXCHANGE, INC.",515,303,259,High
Albemarle Corp,"NEW YORK STOCK EXCHANGE, INC.",545,322,315,High
American International Group Inc,"NEW YORK STOCK EXCHANGE, INC.",518,323,310,High
Allstate Corp,"NEW YORK STOCK EXCHANGE, INC.",530,300,220,High
Allegion PLC,"NEW YORK STOCK EXCHANGE, INC.",542,322,315,High
Ameriprise Financial Inc,"NEW YORK STOCK EXCHANGE, INC.",396,308,267,High
AMETEK Inc,"NEW YORK STOCK EXCHANGE, INC.",540,329,270,High
American Tower Corp,"NEW YORK STOCK EXCHANGE, INC.",530,333,305,High
A O Smith Corp,"NEW YORK STOCK EXCHANGE, INC.",510,315,310,High
Air Products and Chemicals Inc,"NEW YORK STOCK EXCHANGE, INC.",700,442,300,High
Aon PLC,"NEW YORK STOCK EXCHANGE, INC.",485,304,288,High
Arista Networks Inc,"NEW YORK STOCK EXCHANGE, INC.",444,310,295,High
Amphenol Corp,"NEW YORK STOCK EXCHANGE, INC.",512,303,475,High
Atmos Energy Corp,"NEW YORK STOCK EXCHANGE, INC.",572,368,315,High
American Water Works Company Inc,"NEW YORK STOCK EXCHANGE, INC.",653,395,300,High
Alexandria Real Estate Equities Inc,"NEW YORK STOCK EXCHANGE, INC.",600,337,345,High
Aptiv PLC,"NEW YORK STOCK EXCHANGE, INC.",555,339,310,High
Avalonbay Communities Inc,"NEW YORK STOCK EXCHANGE, INC.",500,300,298,High
Avery Dennison Corp,"NEW YORK STOCK EXCHANGE, INC.",535,347,325,High
Boeing Co,"NEW YORK STOCK EXCHANGE, INC.",220,224,235,Medium
Bank of America Corp,"NEW YORK STOCK EXCHANGE, INC.",220,394,265,Medium
Baxter International Inc,"NEW YORK STOCK EXCHANGE, INC.",500,316,300,High
Bath & Body Works Inc,"NEW YORK STOCK EXCHANGE, INC.",525,303,300,High
Becton Dickinson and Co,"NEW YORK STOCK EXCHANGE, INC.",607,384,315,High
Bio Rad Laboratories Inc,"NEW YORK STOCK EXCHANGE, INC.",275,227,300,Medium
Best Buy Co Inc,"NEW YORK STOCK EXCHANGE, INC.",430,231,300,High
Bank of New York Mellon Corp,"NEW YORK STOCK EXCHANGE, INC.",500,300,300,High
American Express Co,"NEW YORK STOCK EXCHANGE, INC.",230,226,208,Medium
Broadridge Financial Solutions Inc,"NEW YORK STOCK EXCHANGE, INC.",550,313,325,High
Bristol-Myers Squibb Co,"NEW YORK STOCK EXCHANGE, INC.",500,321,310,High
Brown & Brown Inc,"NEW YORK STOCK EXCHANGE, INC.",405,320,300,High
Autozone Inc,"NEW YORK STOCK EXCHANGE, INC.",260,222,213,Medium
Boston Scientific Corp,"NEW YORK STOCK EXCHANGE, INC.",525,399,300,High
Blackstone Inc,"NEW YORK STOCK EXCHANGE, INC.",534,343,320,High
Boston Properties Inc,"NEW YORK STOCK EXCHANGE, INC.",532,339,305,High
SVB Financial Group,NASDAQ NMS - GLOBAL MARKET,510,340,300,High
Citigroup Inc,"NEW YORK STOCK EXCHANGE, INC.",515,300,303,High
Caterpillar Inc,"NEW YORK STOCK EXCHANGE, INC.",235,239,235,Medium
Carrier Global Corp,"NEW YORK STOCK EXCHANGE, INC.",210,258,226,Medium
CBRE Group Inc,"NEW YORK STOCK EXCHANGE, INC.",200,209,200,Medium
Crown Castle Inc,"NEW YORK STOCK EXCHANGE, INC.",500,300,200,High
Ceridian HCM Holding Inc,"NEW YORK STOCK EXCHANGE, INC.",530,379,320,High
Comerica Inc,"NEW YORK STOCK EXCHANGE, INC.",280,300,230,Medium
D R Horton Inc,"NEW YORK STOCK EXCHANGE, INC.",250,271,205,Medium
Dover Corp,"NEW YORK STOCK EXCHANGE, INC.",500,320,305,High
Darden Restaurants Inc,"NEW YORK STOCK EXCHANGE, INC.",515,309,300,High
Celanese Corp,"NEW YORK STOCK EXCHANGE, INC.",500,319,300,High
Dollar General Corp,"NEW YORK STOCK EXCHANGE, INC.",247,222,200,Medium
Chipotle Mexican Grill Inc,"NEW YORK STOCK EXCHANGE, INC.",210,241,213,Medium
Quest Diagnostics Inc,"NEW YORK STOCK EXCHANGE, INC.",230,300,205,Medium
Carnival Corp,"NEW YORK STOCK EXCHANGE, INC.",515,326,320,High
Church & Dwight Co Inc,"NEW YORK STOCK EXCHANGE, INC.",578,341,348,High
Dow Inc,"NEW YORK STOCK EXCHANGE, INC.",225,201,200,Medium
Discover Financial Services,"NEW YORK STOCK EXCHANGE, INC.",335,321,313,High
Duke Energy Corp,"NEW YORK STOCK EXCHANGE, INC.",604,362,328,High
Duke Realty Corp,"NEW YORK STOCK EXCHANGE, INC.",540,313,300,High
CF Industries Holdings Inc,"NEW YORK STOCK EXCHANGE, INC.",525,307,310,High
Devon Energy Corp,"NEW YORK STOCK EXCHANGE, INC.",570,301,300,High
Ecolab Inc,"NEW YORK STOCK EXCHANGE, INC.",547,373,325,High
Home Depot Inc,"NEW YORK STOCK EXCHANGE, INC.",230,317,205,Medium
DTE Energy Co,"NEW YORK STOCK EXCHANGE, INC.",592,313,210,High
Edison International,"NEW YORK STOCK EXCHANGE, INC.",700,513,315,High
Corning Inc,"NEW YORK STOCK EXCHANGE, INC.",200,200,200,Medium
DaVita Inc,"NEW YORK STOCK EXCHANGE, INC.",260,332,300,Medium
Western Digital Corp,NASDAQ NMS - GLOBAL MARKET,545,339,260,High
Goldman Sachs Group Inc,"NEW YORK STOCK EXCHANGE, INC.",525,305,305,High
DXC Technology Co,"NEW YORK STOCK EXCHANGE, INC.",505,326,305,High
Eaton Corporation PLC,"NEW YORK STOCK EXCHANGE, INC.",520,328,320,High
Consolidated Edison Inc,"NEW YORK STOCK EXCHANGE, INC.",700,358,300,High
Hershey Co,"NEW YORK STOCK EXCHANGE, INC.",525,361,300,High
Johnson & Johnson,"NEW YORK STOCK EXCHANGE, INC.",565,308,300,High
JPMorgan Chase & Co,"NEW YORK STOCK EXCHANGE, INC.",505,319,338,High
Coca-Cola Co,"NEW YORK STOCK EXCHANGE, INC.",200,201,200,Medium
Carmax Inc,"NEW YORK STOCK EXCHANGE, INC.",251,237,300,Medium
Leidos Holdings Inc,"NEW YORK STOCK EXCHANGE, INC.",500,300,300,High
Leggett & Platt Inc,"NEW YORK STOCK EXCHANGE, INC.",500,300,300,High
McDonald's Corp,"NEW YORK STOCK EXCHANGE, INC.",505,326,305,High
Linde PLC,"NEW YORK STOCK EXCHANGE, INC.",210,240,275,Medium
Lumen Technologies Inc,"NEW YORK STOCK EXCHANGE, INC.",535,327,305,High
LyondellBasell Industries NV,"NEW YORK STOCK EXCHANGE, INC.",587,352,330,High
Moody's Corp,"NEW YORK STOCK EXCHANGE, INC.",515,308,235,High
Mckesson Corp,"NEW YORK STOCK EXCHANGE, INC.",500,303,310,High
Masco Corp,"NEW YORK STOCK EXCHANGE, INC.",522,323,305,High
Lowe's Companies Inc,"NEW YORK STOCK EXCHANGE, INC.",218,200,200,Medium
Medtronic PLC,"NEW YORK STOCK EXCHANGE, INC.",515,308,315,High
McCormick & Company Inc,"NEW YORK STOCK EXCHANGE, INC.",500,300,300,High
MetLife Inc,"NEW YORK STOCK EXCHANGE, INC.",517,305,305,High
MGM Resorts International,"NEW YORK STOCK EXCHANGE, INC.",500,300,200,High
Marsh & McLennan Companies Inc,"NEW YORK STOCK EXCHANGE, INC.",500,300,300,High
Altria Group Inc,"NEW YORK STOCK EXCHANGE, INC.",500,327,341,High
Borgwarner Inc,"NEW YORK STOCK EXCHANGE, INC.",260,206,230,Medium
Merck & Co Inc,"NEW YORK STOCK EXCHANGE, INC.",500,305,315,High
Marathon Oil Corp,"NEW YORK STOCK EXCHANGE, INC.",530,313,305,High
Marathon Petroleum Corp,"NEW YORK STOCK EXCHANGE, INC.",700,366,315,High
Morgan Stanley,"NEW YORK STOCK EXCHANGE, INC.",555,303,320,High
M&T Bank Corp,"NEW YORK STOCK EXCHANGE, INC.",500,303,260,High
Mettler-Toledo International Inc,"NEW YORK STOCK EXCHANGE, INC.",505,300,240,High
Motorola Solutions Inc,"NEW YORK STOCK EXCHANGE, INC.",505,305,347,High
Nextera Energy Inc,"NEW YORK STOCK EXCHANGE, INC.",668,306,313,High
MSCI Inc,"NEW YORK STOCK EXCHANGE, INC.",580,347,335,High
Norwegian Cruise Line Holdings Ltd,"NEW YORK STOCK EXCHANGE, INC.",495,306,300,High
NiSource Inc,"NEW YORK STOCK EXCHANGE, INC.",361,322,223,High
Northrop Grumman Corp,"NEW YORK STOCK EXCHANGE, INC.",505,302,300,High
ServiceNow Inc,"NEW YORK STOCK EXCHANGE, INC.",550,374,350,High
Nucor Corp,"NEW YORK STOCK EXCHANGE, INC.",374,340,225,High
Nielsen Holdings PLC,"NEW YORK STOCK EXCHANGE, INC.",500,310,300,High
Norfolk Southern Corp,"NEW YORK STOCK EXCHANGE, INC.",358,339,330,High
NVR Inc,"NEW YORK STOCK EXCHANGE, INC.",265,206,205,Medium
Progressive Corp,"NEW YORK STOCK EXCHANGE, INC.",350,355,270,High
Pfizer Inc,"NEW YORK STOCK EXCHANGE, INC.",500,300,300,High
Pultegroup Inc,"NEW YORK STOCK EXCHANGE, INC.",215,203,240,Medium
Parker-Hannifin Corp,"NEW YORK STOCK EXCHANGE, INC.",325,303,225,Medium
PerkinElmer Inc,"NEW YORK STOCK EXCHANGE, INC.",515,316,325,High
Prologis Inc,"NEW YORK STOCK EXCHANGE, INC.",579,374,315,High
PPG Industries Inc,"NEW YORK STOCK EXCHANGE, INC.",293,236,220,Medium
Public Storage,"NEW YORK STOCK EXCHANGE, INC.",235,245,205,Medium
PNC Financial Services Group Inc,"NEW YORK STOCK EXCHANGE, INC.",455,323,300,High
Philip Morris International Inc,"NEW YORK STOCK EXCHANGE, INC.",520,327,315,High
Packaging Corp of America,"NEW YORK STOCK EXCHANGE, INC.",500,303,300,High
Phillips 66,"NEW YORK STOCK EXCHANGE, INC.",569,363,310,High
Prudential Financial Inc,"NEW YORK STOCK EXCHANGE, INC.",285,300,288,Medium
Pentair PLC,"NEW YORK STOCK EXCHANGE, INC.",433,330,315,High
Pinnacle West Capital Corp,"NEW YORK STOCK EXCHANGE, INC.",629,479,300,High
PPL Corp,"NEW YORK STOCK EXCHANGE, INC.",525,306,300,High
Quanta Services Inc,"NEW YORK STOCK EXCHANGE, INC.",540,382,310,High
Raymond James Financial Inc,"NEW YORK STOCK EXCHANGE, INC.",505,309,305,High
Regions Financial Corp,"NEW YORK STOCK EXCHANGE, INC.",490,304,305,High
Royal Caribbean Cruises Ltd,"NEW YORK STOCK EXCHANGE, INC.",503,327,310,High
Ralph Lauren Corp,"NEW YORK STOCK EXCHANGE, INC.",420,352,303,High
PVH Corp,"NEW YORK STOCK EXCHANGE, INC.",418,319,315,High
Robert Half International Inc,"NEW YORK STOCK EXCHANGE, INC.",255,334,310,Medium
Pioneer Natural Resources Co,"NEW YORK STOCK EXCHANGE, INC.",700,412,300,High
Rollins Inc,"NEW YORK STOCK EXCHANGE, INC.",500,300,305,High
Resmed Inc,"NEW YORK STOCK EXCHANGE, INC.",330,312,300,High
Charles Schwab Corp,"NEW YORK STOCK EXCHANGE, INC.",515,300,300,High
Rockwell Automation Inc,"NEW YORK STOCK EXCHANGE, INC.",308,243,210,Medium
TransDigm Group Inc,"NEW YORK STOCK EXCHANGE, INC.",500,300,300,High
Sealed Air Corp,"NEW YORK STOCK EXCHANGE, INC.",555,318,257,High
Roper Technologies Inc,"NEW YORK STOCK EXCHANGE, INC.",570,350,340,High
Stanley Black & Decker Inc,"NEW YORK STOCK EXCHANGE, INC.",555,315,300,High
Constellation Brands Inc,"NEW YORK STOCK EXCHANGE, INC.",459,313,295,High
Stryker Corp,"NEW YORK STOCK EXCHANGE, INC.",485,321,325,High
Sysco Corp,"NEW YORK STOCK EXCHANGE, INC.",555,301,305,High
Sherwin-Williams Co,"NEW YORK STOCK EXCHANGE, INC.",295,259,220,Medium
S&P Global Inc,"NEW YORK STOCK EXCHANGE, INC.",435,341,310,High
STERIS plc,"NEW YORK STOCK EXCHANGE, INC.",510,301,305,High
Synchrony Financial,"NEW YORK STOCK EXCHANGE, INC.",325,312,310,High
Simon Property Group Inc,"NEW YORK STOCK EXCHANGE, INC.",225,247,205,Medium
Sempra Energy,"NEW YORK STOCK EXCHANGE, INC.",700,386,310,High
Southern Co,"NEW YORK STOCK EXCHANGE, INC.",515,307,330,High
State Street Corp,"NEW YORK STOCK EXCHANGE, INC.",225,211,210,Medium
Snap-On Inc,"NEW YORK STOCK EXCHANGE, INC.",500,300,261,High
Raytheon Technologies Corp,"NEW YORK STOCK EXCHANGE, INC.",520,330,400,High
Hartford Financial Services Group Inc,"NEW YORK STOCK EXCHANGE, INC.",500,305,305,High
TE Connectivity Ltd,"NEW YORK STOCK EXCHANGE, INC.",200,200,200,Medium
Teleflex Inc,"NEW YORK STOCK EXCHANGE, INC.",200,200,200,Medium
Truist Financial Corp,"NEW YORK STOCK EXCHANGE, INC.",480,308,300,High
Teledyne Technologies Inc,"NEW YORK STOCK EXCHANGE, INC.",500,300,300,High
Target Corp,"NEW YORK STOCK EXCHANGE, INC.",550,342,313,High
TJX Companies Inc,"NEW YORK STOCK EXCHANGE, INC.",500,300,300,High
Tapestry Inc,"NEW YORK STOCK EXCHANGE, INC.",483,310,300,High
Travelers Companies Inc,"NEW YORK STOCK EXCHANGE, INC.",500,300,300,High
Thermo Fisher Scientific Inc,"NEW YORK STOCK EXCHANGE, INC.",527,332,280,High
Trane Technologies PLC,"NEW YORK STOCK EXCHANGE, INC.",700,389,320,High
Tyson Foods Inc,"NEW YORK STOCK EXCHANGE, INC.",530,374,340,High
Tyler Technologies Inc,"NEW YORK STOCK EXCHANGE, INC.",400,306,305,High
Textron Inc,"NEW YORK STOCK EXCHANGE, INC.",500,300,200,High
UnitedHealth Group Inc,"NEW YORK STOCK EXCHANGE, INC.",500,300,300,High
United Parcel Service Inc,"NEW YORK STOCK EXCHANGE, INC.",540,374,245,High
UDR Inc,"NEW YORK STOCK EXCHANGE, INC.",225,301,215,Medium
Universal Health Services Inc,"NEW YORK STOCK EXCHANGE, INC.",560,320,338,High
Mosaic Co,"NEW YORK STOCK EXCHANGE, INC.",515,379,315,High
US Bancorp,"NEW YORK STOCK EXCHANGE, INC.",336,317,300,High
United Rentals Inc,"NEW YORK STOCK EXCHANGE, INC.",472,318,300,High
Vornado Realty Trust,"NEW YORK STOCK EXCHANGE, INC.",540,326,325,High
Valero Energy Corp,"NEW YORK STOCK EXCHANGE, INC.",608,307,330,High
VF Corp,"NEW YORK STOCK EXCHANGE, INC.",505,301,300,High
Visa Inc,"NEW YORK STOCK EXCHANGE, INC.",504,368,310,High
Ventas Inc,"NEW YORK STOCK EXCHANGE, INC.",500,300,300,High
Vulcan Materials Co,"NEW YORK STOCK EXCHANGE, INC.",570,319,300,High
WEC Energy Group Inc,"NEW YORK STOCK EXCHANGE, INC.",635,438,300,High
Welltower OP LLC,"NEW YORK STOCK EXCHANGE, INC.",437,326,300,High
Waters Corp,"NEW YORK STOCK EXCHANGE, INC.",270,292,235,Medium
Waste Management Inc,"NEW YORK STOCK EXCHANGE, INC.",613,408,285,High
Westinghouse Air Brake Technologies Corp,"NEW YORK STOCK EXCHANGE, INC.",607,311,320,High
Williams Companies Inc,"NEW YORK STOCK EXCHANGE, INC.",500,300,300,High
Wells Fargo & Co,"NEW YORK STOCK EXCHANGE, INC.",500,300,300,High
Whirlpool Corp,"NEW YORK STOCK EXCHANGE, INC.",500,301,300,High
West Pharmaceutical Services Inc,"NEW YORK STOCK EXCHANGE, INC.",540,330,305,High
W R Berkley Corp,"NEW YORK STOCK EXCHANGE, INC.",360,294,300,High
Walmart Inc,"NEW YORK STOCK EXCHANGE, INC.",310,281,220,Medium
Western Union Co,"NEW YORK STOCK EXCHANGE, INC.",205,205,228,Medium
Yum! Brands Inc,"NEW YORK STOCK EXCHANGE, INC.",500,320,310,High
Xylem Inc,"NEW YORK STOCK EXCHANGE, INC.",374,254,210,Medium
Weyerhaeuser Co,"NEW YORK STOCK EXCHANGE, INC.",700,340,300,High
Westrock Co,"NEW YORK STOCK EXCHANGE, INC.",555,324,305,High
Exxon Mobil Corp,"NEW YORK STOCK EXCHANGE, INC.",538,322,313,High
Zimmer Biomet Holdings Inc,"NEW YORK STOCK EXCHANGE, INC.",520,330,310,High
Zoetis Inc,"NEW YORK STOCK EXCHANGE, INC.",520,348,310,High
Deere & Co,"NEW YORK STOCK EXCHANGE, INC.",560,339,305,High
Dupont De Nemours Inc,"NEW YORK STOCK EXCHANGE, INC.",550,341,295,High
Dominion Energy Inc,"NEW YORK STOCK EXCHANGE, INC.",535,325,310,High
CVS Health Corp,"NEW YORK STOCK EXCHANGE, INC.",540,302,315,High
Delta Air Lines Inc,"NEW YORK STOCK EXCHANGE, INC.",515,300,313,High
Salesforce Inc,"NEW YORK STOCK EXCHANGE, INC.",215,241,200,Medium
Chevron Corp,"NEW YORK STOCK EXCHANGE, INC.",210,217,210,Medium
Corteva Inc,"NEW YORK STOCK EXCHANGE, INC.",610,312,320,High
Coterra Energy Inc,"NEW YORK STOCK EXCHANGE, INC.",555,329,310,High
Catalent Inc,"NEW YORK STOCK EXCHANGE, INC.",483,303,305,High
Campbell Soup Co,"NEW YORK STOCK EXCHANGE, INC.",515,301,305,High
Charles River Laboratories International Inc,"NEW YORK STOCK EXCHANGE, INC.",510,322,235,High
Conocophillips,"NEW YORK STOCK EXCHANGE, INC.",687,544,305,High
Cooper Companies Inc,"NEW YORK STOCK EXCHANGE, INC.",500,300,300,High
Capital One Financial Corp,"NEW YORK STOCK EXCHANGE, INC.",508,309,320,High
Centene Corp,"NEW YORK STOCK EXCHANGE, INC.",548,355,315,High
CenterPoint Energy Inc,"NEW YORK STOCK EXCHANGE, INC.",550,320,260,High
CMS Energy Corp,"NEW YORK STOCK EXCHANGE, INC.",450,667,75,High
Cummins Inc,"NEW YORK STOCK EXCHANGE, INC.",510,320,300,High
Colgate-Palmolive Co,"NEW YORK STOCK EXCHANGE, INC.",520,310,310,High
3M Co,"NEW YORK STOCK EXCHANGE, INC.",526,310,305,High
Citizens Financial Group Inc,"NEW YORK STOCK EXCHANGE, INC.",230,215,205,Medium
Conagra Brands Inc,"NEW YORK STOCK EXCHANGE, INC.",525,306,300,High
Cigna Corp,"NEW YORK STOCK EXCHANGE, INC.",508,328,310,High
Cardinal Health Inc,"NEW YORK STOCK EXCHANGE, INC.",505,300,315,High
Mastercard Inc,"NEW YORK STOCK EXCHANGE, INC.",210,230,215,Medium
Lamb Weston Holdings Inc,"NEW YORK STOCK EXCHANGE, INC.",345,256,300,High
Mid-America Apartment Communities Inc,"NEW YORK STOCK EXCHANGE, INC.",315,261,210,Medium
Martin Marietta Materials Inc,"NEW YORK STOCK EXCHANGE, INC.",573,313,300,High
Southwest Airlines Co,"NEW YORK STOCK EXCHANGE, INC.",295,314,218,Medium
Lincoln National Corp,"NEW YORK STOCK EXCHANGE, INC.",700,300,300,High
Lennar Corp,"NEW YORK STOCK EXCHANGE, INC.",363,344,220,High
Procter & Gamble Co,"NEW YORK STOCK EXCHANGE, INC.",560,422,310,High
Organon & Co,"NEW YORK STOCK EXCHANGE, INC.",515,335,305,High
Occidental Petroleum Corp,"NEW YORK STOCK EXCHANGE, INC.",505,302,300,High
Dell Technologies Inc,"NEW YORK STOCK EXCHANGE, INC.",500,318,275,High
Paycom Software Inc,"NEW YORK STOCK EXCHANGE, INC.",470,305,315,High
Public Service Enterprise Group Inc,"NEW YORK STOCK EXCHANGE, INC.",500,300,205,High
ONEOK Inc,"NEW YORK STOCK EXCHANGE, INC.",581,326,355,High
NRG Energy Inc,"NEW YORK STOCK EXCHANGE, INC.",371,327,218,High
Loews Corp,"NEW YORK STOCK EXCHANGE, INC.",505,303,313,High
Omnicom Group Inc,"NEW YORK STOCK EXCHANGE, INC.",543,333,305,High
Oracle Corp,"NEW YORK STOCK EXCHANGE, INC.",500,300,200,High
EOG Resources Inc,"NEW YORK STOCK EXCHANGE, INC.",550,252,240,High
Realty Income Corp,"NEW YORK STOCK EXCHANGE, INC.",500,300,300,High
Domino's Pizza Inc,"NEW YORK STOCK EXCHANGE, INC.",205,205,200,Medium
AT&T Inc,"NEW YORK STOCK EXCHANGE, INC.",210,200,305,Medium
Union Pacific Corp,"NEW YORK STOCK EXCHANGE, INC.",290,257,245,Medium
Newmont Corporation,"NEW YORK STOCK EXCHANGE, INC.",675,389,355,High
FedEx Corp,"NEW YORK STOCK EXCHANGE, INC.",335,278,255,Medium
Nike Inc,"NEW YORK STOCK EXCHANGE, INC.",205,275,200,Medium
Ford Motor Co,"NEW YORK STOCK EXCHANGE, INC.",292,246,215,Medium
Lockheed Martin Corp,"NEW YORK STOCK EXCHANGE, INC.",510,324,320,High
Republic Services Inc,"NEW YORK STOCK EXCHANGE, INC.",293,235,216,Medium
Enphase Energy Inc,NASDAQ NMS - GLOBAL MARKET,565,316,300,High
Exelon Corp,NASDAQ NMS - GLOBAL MARKET,694,403,316,High
Expeditors International of Washington Inc,NASDAQ NMS - GLOBAL MARKET,510,302,300,High
Expedia Group Inc,NASDAQ NMS - GLOBAL MARKET,225,242,305,Medium
Fastenal Co,NASDAQ NMS - GLOBAL MARKET,230,302,200,Medium
F5 Inc,NASDAQ NMS - GLOBAL MARKET,200,221,215,Medium
Fiserv Inc,NASDAQ NMS - GLOBAL MARKET,395,302,310,High
Equinix Inc,NASDAQ NMS - GLOBAL MARKET,515,323,315,High
Fortinet Inc,NASDAQ NMS - GLOBAL MARKET,500,306,305,High
ETSY Inc,NASDAQ NMS - GLOBAL MARKET,235,241,235,Medium
Franklin Resources Inc,"NEW YORK STOCK EXCHANGE, INC.",321,349,310,High
Digital Realty Trust Inc,"NEW YORK STOCK EXCHANGE, INC.",540,317,300,High
Danaher Corp,"NEW YORK STOCK EXCHANGE, INC.",530,344,385,High
Equifax Inc,"NEW YORK STOCK EXCHANGE, INC.",390,300,305,High
Estee Lauder Companies Inc,"NEW YORK STOCK EXCHANGE, INC.",500,300,300,High
Eastman Chemical Co,"NEW YORK STOCK EXCHANGE, INC.",583,365,310,High
Emerson Electric Co,"NEW YORK STOCK EXCHANGE, INC.",605,323,315,High
Equity Residential,"NEW YORK STOCK EXCHANGE, INC.",235,208,210,Medium
Eversource Energy,"NEW YORK STOCK EXCHANGE, INC.",576,409,310,High
Essex Property Trust Inc,"NEW YORK STOCK EXCHANGE, INC.",377,304,210,Medium
Fifth Third Bancorp,NASDAQ NMS - GLOBAL MARKET,313,300,215,Medium
Entergy Corp,"NEW YORK STOCK EXCHANGE, INC.",653,380,310,High
Extra Space Storage Inc,"NEW YORK STOCK EXCHANGE, INC.",572,289,225,High
Edwards Lifesciences Corp,"NEW YORK STOCK EXCHANGE, INC.",290,333,305,High
Fox Corp,NASDAQ NMS - GLOBAL MARKET,295,330,315,High
Freeport-McMoRan Inc,"NEW YORK STOCK EXCHANGE, INC.",608,313,305,High
FirstEnergy Corp,"NEW YORK STOCK EXCHANGE, INC.",510,304,300,High
Fleetcor Technologies Inc,"NEW YORK STOCK EXCHANGE, INC.",410,302,300,High
Fidelity National Information Services Inc,"NEW YORK STOCK EXCHANGE, INC.",530,298,310,High
First Republic Bank,"NEW YORK STOCK EXCHANGE, INC.",370,331,288,High
FMC Corp,"NEW YORK STOCK EXCHANGE, INC.",510,307,315,High
Federal Realty Investment Trust,"NEW YORK STOCK EXCHANGE, INC.",525,302,300,High
Fortive Corp,"NEW YORK STOCK EXCHANGE, INC.",540,326,305,High
Gap Inc,"NEW YORK STOCK EXCHANGE, INC.",515,349,300,High
Garmin Ltd,"NEW YORK STOCK EXCHANGE, INC.",205,242,200,Medium
Gartner Inc,"NEW YORK STOCK EXCHANGE, INC.",500,316,315,High
Eli Lilly and Co,"NEW YORK STOCK EXCHANGE, INC.",510,360,310,High
Everest Re Group Ltd,"NEW YORK STOCK EXCHANGE, INC.",505,276,305,High
Evergy Inc,"NEW YORK STOCK EXCHANGE, INC.",555,310,300,High
Fortune Brands Home & Security Inc,"NEW YORK STOCK EXCHANGE, INC.",510,302,300,High
Gilead Sciences Inc,NASDAQ NMS - GLOBAL MARKET,500,303,300,High
Hologic Inc,NASDAQ NMS - GLOBAL MARKET,515,324,315,High
Henry Schein Inc,NASDAQ NMS - GLOBAL MARKET,210,205,200,Medium
Honeywell International Inc,NASDAQ NMS - GLOBAL MARKET,545,344,308,High
Host Hotels & Resorts Inc,NASDAQ NMS - GLOBAL MARKET,510,318,318,High
General Dynamics Corp,"NEW YORK STOCK EXCHANGE, INC.",510,310,300,High
Hasbro Inc,NASDAQ NMS - GLOBAL MARKET,255,301,300,Medium
Huntington Bancshares Inc,NASDAQ NMS - GLOBAL MARKET,308,300,300,High
Globe Life Inc,"NEW YORK STOCK EXCHANGE, INC.",215,238,215,Medium
Genuine Parts Co,"NEW YORK STOCK EXCHANGE, INC.",535,225,305,High
Generac Holdings Inc,"NEW YORK STOCK EXCHANGE, INC.",535,311,250,High
Global Payments Inc,"NEW YORK STOCK EXCHANGE, INC.",310,343,265,High
HCA Healthcare Inc,"NEW YORK STOCK EXCHANGE, INC.",520,348,305,High
HanesBrands Inc,"NEW YORK STOCK EXCHANGE, INC.",310,223,305,Medium
Huntington Ingalls Industries Inc,"NEW YORK STOCK EXCHANGE, INC.",545,315,315,High
Hewlett Packard Enterprise Co,"NEW YORK STOCK EXCHANGE, INC.",230,359,230,Medium
Hess Corp,"NEW YORK STOCK EXCHANGE, INC.",535,300,305,High
Hilton Worldwide Holdings Inc,"NEW YORK STOCK EXCHANGE, INC.",293,200,205,Medium
Hormel Foods Corp,"NEW YORK STOCK EXCHANGE, INC.",570,322,300,High
HP Inc,"NEW YORK STOCK EXCHANGE, INC.",245,211,200,Medium
Humana Inc,"NEW YORK STOCK EXCHANGE, INC.",462,300,300,High
Howmet Aerospace Inc,"NEW YORK STOCK EXCHANGE, INC.",525,315,320,High
Healthpeak Properties Inc,"NEW YORK STOCK EXCHANGE, INC.",535,331,335,High
General Mills Inc,"NEW YORK STOCK EXCHANGE, INC.",585,326,365,High
General Electric Co,"NEW YORK STOCK EXCHANGE, INC.",533,300,300,High
Spotify Technology SA,"NEW YORK STOCK EXCHANGE, INC.",500,283,255,High
Triton International Ltd,"NEW YORK STOCK EXCHANGE, INC.",477,306,300,High
TPG RE Finance Trust Inc,"NEW YORK STOCK EXCHANGE, INC.",230,239,300,Medium
TransUnion,"NEW YORK STOCK EXCHANGE, INC.",510,313,310,High
Yeti Holdings Inc,"NEW YORK STOCK EXCHANGE, INC.",269,253,305,Medium
Yelp Inc,"NEW YORK STOCK EXCHANGE, INC.",245,515,213,High
Yext Inc,"NEW YORK STOCK EXCHANGE, INC.",325,314,310,High
Spirit AeroSystems Holdings Inc,"NEW YORK STOCK EXCHANGE, INC.",515,337,300,High
Yatsen Holding Ltd,"NEW YORK STOCK EXCHANGE, INC.",355,217,325,Medium
Yiren Digital Ltd,"NEW YORK STOCK EXCHANGE, INC.",200,205,205,Medium
Yum China Holdings Inc,"NEW YORK STOCK EXCHANGE, INC.",205,217,220,Medium
Tronox Holdings PLC,"NEW YORK STOCK EXCHANGE, INC.",503,320,300,High
Zepp Health Corp,"NEW YORK STOCK EXCHANGE, INC.",202,210,295,Medium
Lightning eMotors Inc,"NEW YORK STOCK EXCHANGE, INC.",535,391,240,High
Zuora Inc,"NEW YORK STOCK EXCHANGE, INC.",240,234,200,Medium
ZIM Integrated Shipping Services Ltd,"NEW YORK STOCK EXCHANGE, INC.",329,351,320,High
Zymeworks Inc,"NEW YORK STOCK EXCHANGE, INC.",240,326,305,Medium
Zurn Elkay Water Solutions Corp,"NEW YORK STOCK EXCHANGE, INC.",500,300,300,High
Clear Secure Inc,"NEW YORK STOCK EXCHANGE, INC.",515,278,205,High
Zendesk Inc,"NEW YORK STOCK EXCHANGE, INC.",515,338,320,High
Plexus Corp,NASDAQ NMS - GLOBAL MARKET,510,300,300,High
Seanergy Maritime Holdings Corp,NASDAQ NMS - GLOBAL MARKET,345,300,305,High
Shoals Technologies Group Inc,NASDAQ NMS - GLOBAL MARKET,285,280,300,Medium
Steven Madden Ltd,NASDAQ NMS - GLOBAL MARKET,508,231,300,High
Shyft Group Inc,NASDAQ NMS - GLOBAL MARKET,510,303,275,High
SI-BONE Inc,NASDAQ NMS - GLOBAL MARKET,220,228,210,Medium
Siebert Financial Corp,NASDAQ NMS - GLOBAL MARKET,300,299,235,Medium
Playa Hotels & Resorts NV,NASDAQ NMS - GLOBAL MARKET,210,200,205,Medium
World Wrestling Entertainment Inc,"NEW YORK STOCK EXCHANGE, INC.",275,332,315,High
PharmaCyte Biotech Inc,NASDAQ NMS - GLOBAL MARKET,220,202,300,Medium
Wolverine World Wide Inc,"NEW YORK STOCK EXCHANGE, INC.",390,298,308,High
Shineco Inc,NASDAQ NMS - GLOBAL MARKET,340,346,305,High
Xenia Hotels & Resorts Inc,"NEW YORK STOCK EXCHANGE, INC.",260,263,236,Medium
United States Steel Corp,"NEW YORK STOCK EXCHANGE, INC.",535,364,300,High
Xpeng Inc,"NEW YORK STOCK EXCHANGE, INC.",215,208,200,Medium
XPO Logistics Inc,"NEW YORK STOCK EXCHANGE, INC.",560,318,300,High
Xinyuan Real Estate Co Ltd,"NEW YORK STOCK EXCHANGE, INC.",205,242,300,Medium
XL Fleet Corp,"NEW YORK STOCK EXCHANGE, INC.",200,200,200,Medium
X Financial,"NEW YORK STOCK EXCHANGE, INC.",215,205,200,Medium
Alleghany Corp,"NEW YORK STOCK EXCHANGE, INC.",215,240,300,Medium
Yalla Group Ltd,"NEW YORK STOCK EXCHANGE, INC.",233,244,220,Medium
Watts Water Technologies Inc,"NEW YORK STOCK EXCHANGE, INC.",420,303,210,High
Sientra Inc,NASDAQ NMS - GLOBAL MARKET,219,308,236,Medium
Hain Celestial Group Inc,NASDAQ NMS - GLOBAL MARKET,520,302,305,High
MMTEC Inc,NASDAQ NMS - GLOBAL MARKET,221,225,305,Medium
Metacrine Inc,NASDAQ NMS - GLOBAL MARKET,210,207,330,Medium
Molecular Templates Inc,NASDAQ NMS - GLOBAL MARKET,360,325,320,High
Materialise NV,NASDAQ NMS - GLOBAL MARKET,505,301,300,High
Mannatech Inc,NASDAQ NMS - GLOBAL MARKET,200,260,230,Medium
Matrix Service Co,NASDAQ NMS - GLOBAL MARKET,589,390,277,High
Halozyme Therapeutics Inc,NASDAQ NMS - GLOBAL MARKET,510,302,315,High
Hallmark Financial Services Inc,NASDAQ NMS - GLOBAL MARKET,215,233,300,Medium
MVB Financial Corp,NASDAQ NMS - GLOBAL MARKET,210,215,215,Medium
Microvast Holdings Inc,NASDAQ NMS - GLOBAL MARKET,225,282,210,Medium
MicroVision Inc,NASDAQ NMS - GLOBAL MARKET,451,300,330,High
MaxCyte Inc,NASDAQ NMS - GLOBAL MARKET,220,300,248,Medium
Myriad Genetics Inc,NASDAQ NMS - GLOBAL MARKET,353,321,294,High
First Western Financial Inc,NASDAQ NMS - GLOBAL MARKET,351,300,235,Medium
SiTime Corp,NASDAQ NMS - GLOBAL MARKET,505,304,300,High
Maxlinear Inc,NASDAQ NMS - GLOBAL MARKET,535,325,335,High
MyMD Pharmaceuticals Inc,NASDAQ NMS - GLOBAL MARKET,205,257,230,Medium
Playstudios Inc,NASDAQ NMS - GLOBAL MARKET,205,202,200,Medium
Matterport Inc,NASDAQ NMS - GLOBAL MARKET,346,325,260,High
MACOM Technology Solutions Holdings Inc,NASDAQ NMS - GLOBAL MARKET,377,309,255,High
Clearone Inc,NASDAQ NMS - GLOBAL MARKET,370,228,210,Medium
Celsion Corp,NASDAQ NMS - GLOBAL MARKET,255,214,300,Medium
Gulf Resources Inc,NASDAQ NMS - GLOBAL MARKET,408,206,300,High
GSE Systems Inc,NASDAQ NMS - GLOBAL MARKET,505,307,245,High
Gyrodyne LLC,NASDAQ NMS - GLOBAL MARKET,240,206,240,Medium
Global Water Resources Inc,NASDAQ NMS - GLOBAL MARKET,367,297,235,Medium
Hawaiian Holdings Inc,NASDAQ NMS - GLOBAL MARKET,200,321,200,Medium
CleanSpark Inc,NASDAQ NMS - GLOBAL MARKET,570,326,310,High
Clearside Biomedical Inc,NASDAQ NMS - GLOBAL MARKET,215,230,200,Medium
Health Assurance Acquisition Corp,NASDAQ NMS - GLOBAL MARKET,200,258,300,Medium
Hanmi Financial Corp,NASDAQ NMS - GLOBAL MARKET,250,207,233,Medium
Catalyst Bancorp Inc,NASDAQ NMS - GLOBAL MARKET,260,350,267,Medium
Euro Tech Holdings Company Ltd,NASDAQ NMS - GLOBAL MARKET,230,201,210,Medium
Calyxt Inc,NASDAQ NMS - GLOBAL MARKET,535,322,325,High
Cambium Networks Corp,NASDAQ NMS - GLOBAL MARKET,505,337,300,High
Columbus McKinnon Corp,NASDAQ NMS - GLOBAL MARKET,200,323,240,Medium
Ever-Glory International Group Inc,NASDAQ NMS - GLOBAL MARKET,200,211,210,Medium
Clovis Oncology Inc,NASDAQ NMS - GLOBAL MARKET,225,212,300,Medium
Clever Leaves Holdings Inc,NASDAQ NMS - GLOBAL MARKET,225,243,205,Medium
Happiness Development Group Ltd,NASDAQ NMS - GLOBAL MARKET,225,207,300,Medium
Home Bancorp Inc,NASDAQ NMS - GLOBAL MARKET,230,202,200,Medium
Harvard Bioscience Inc,NASDAQ NMS - GLOBAL MARKET,250,221,300,Medium
Horizon Bancorp Inc,NASDAQ NMS - GLOBAL MARKET,255,321,233,Medium
HBT Financial Inc,NASDAQ NMS - GLOBAL MARKET,245,275,300,Medium
Health Catalyst Inc,NASDAQ NMS - GLOBAL MARKET,545,324,320,High
Healthcare Services Acquisition Corp,NASDAQ NMS - GLOBAL MARKET,245,205,300,Medium
Harpoon Therapeutics Inc,NASDAQ NMS - GLOBAL MARKET,485,300,310,High
Haynes International Inc,NASDAQ NMS - GLOBAL MARKET,500,301,300,High
Patriot National Bancorp Inc,NASDAQ NMS - GLOBAL MARKET,205,302,210,Medium
Harbor Custom Development Inc,NASDAQ NMS - GLOBAL MARKET,222,221,208,Medium
Heritage-Crystal Clean Inc,NASDAQ NMS - GLOBAL MARKET,525,400,300,High
Pinnacle Financial Partners Inc,NASDAQ NMS - GLOBAL MARKET,271,328,250,Medium
POINT Biopharma Global Inc,NASDAQ NMS - GLOBAL MARKET,320,221,285,Medium
Predictive Oncology Inc,NASDAQ NMS - GLOBAL MARKET,278,297,220,Medium
Polar Power Inc,NASDAQ NMS - GLOBAL MARKET,200,200,200,Medium
Insulet Corp,NASDAQ NMS - GLOBAL MARKET,215,233,205,Medium
Power Integrations Inc,NASDAQ NMS - GLOBAL MARKET,575,285,305,High
Ammo Inc,NASDAQ NMS - GLOBAL MARKET,233,224,200,Medium
Primeenergy Resources Corp,NASDAQ NMS - GLOBAL MARKET,200,200,260,Medium
Pennant Group Inc,NASDAQ NMS - GLOBAL MARKET,245,306,200,Medium
Pacific Premier Bancorp Inc,NASDAQ NMS - GLOBAL MARKET,565,328,315,High
Perma-Pipe International Holdings Inc,NASDAQ NMS - GLOBAL MARKET,500,260,300,High
Pilgrims Pride Corp,NASDAQ NMS - GLOBAL MARKET,500,302,220,High
PRA Group Inc,NASDAQ NMS - GLOBAL MARKET,473,321,310,High
Pioneer Power Solutions Inc,NASDAQ NMS - GLOBAL MARKET,299,305,315,High
Praxis Precision Medicines Inc,NASDAQ NMS - GLOBAL MARKET,200,215,215,Medium
Procept Biorobotics Corp,NASDAQ NMS - GLOBAL MARKET,200,224,300,Medium
Porch Group Inc,NASDAQ NMS - GLOBAL MARKET,225,227,215,Medium
Artisan Acquisition Corp,NASDAQ NMS - GLOBAL MARKET,245,203,265,Medium
Perdoceo Education Corp,NASDAQ NMS - GLOBAL MARKET,365,297,250,High
Sirius XM Holdings Inc,NASDAQ NMS - GLOBAL MARKET,240,302,205,Medium
Scienjoy Holding Corp,NASDAQ NMS - GLOBAL MARKET,260,320,240,Medium
Powered Brands,NASDAQ NMS - GLOBAL MARKET,235,231,250,Medium
Powell Industries Inc,NASDAQ NMS - GLOBAL MARKET,500,240,215,High
Upwork Inc,NASDAQ NMS - GLOBAL MARKET,275,264,278,Medium
USA Truck Inc,NASDAQ NMS - GLOBAL MARKET,532,311,303,High
US Gold Corp,NASDAQ NMS - GLOBAL MARKET,400,240,300,High
Universal Stainless & Alloy Products Inc,NASDAQ NMS - GLOBAL MARKET,238,231,200,Medium
US Energy Corp,NASDAQ NMS - GLOBAL MARKET,438,265,315,High
Usio Inc,NASDAQ NMS - GLOBAL MARKET,285,245,240,Medium
United Therapeutics Corp,NASDAQ NMS - GLOBAL MARKET,233,259,300,Medium
Urogen Pharma Ltd,NASDAQ NMS - GLOBAL MARKET,210,251,290,Medium
Urban Outfitters Inc,NASDAQ NMS - GLOBAL MARKET,335,300,300,High
Utime Ltd,NASDAQ NMS - GLOBAL MARKET,217,200,200,Medium
Minerva Surgical Inc,NASDAQ NMS - GLOBAL MARKET,205,201,210,Medium
UTStarcom Holdings Corp,NASDAQ NMS - GLOBAL MARKET,340,310,365,High
Uxin Ltd,NASDAQ NMS - GLOBAL MARKET,203,202,225,Medium
Univest Financial Corp,NASDAQ NMS - GLOBAL MARKET,331,322,305,High
Cheetah Mobile Inc,"NEW YORK STOCK EXCHANGE, INC.",205,214,215,Medium
Commercial Metals Co,"NEW YORK STOCK EXCHANGE, INC.",223,212,200,Medium
United States Lime & Minerals Inc,NASDAQ NMS - GLOBAL MARKET,500,233,300,High
Utah Medical Products Inc,NASDAQ NMS - GLOBAL MARKET,240,236,250,Medium
Compass Minerals International Inc,"NEW YORK STOCK EXCHANGE, INC.",505,302,320,High
Concord Acquisition Corp,"NEW YORK STOCK EXCHANGE, INC.",205,257,300,Medium
CNFinance Holdings Ltd,"NEW YORK STOCK EXCHANGE, INC.",200,200,220,Medium
Conmed Corp,"NEW YORK STOCK EXCHANGE, INC.",441,300,270,High
Cinemark Holdings Inc,"NEW YORK STOCK EXCHANGE, INC.",330,300,300,High
Cannae Holdings Inc,"NEW YORK STOCK EXCHANGE, INC.",215,203,203,Medium
CNO Financial Group Inc,"NEW YORK STOCK EXCHANGE, INC.",500,322,315,High
CNA Financial Corp,"NEW YORK STOCK EXCHANGE, INC.",540,329,340,High
Costamare Inc,"NEW YORK STOCK EXCHANGE, INC.",242,204,200,Medium
Granite Construction Inc,"NEW YORK STOCK EXCHANGE, INC.",200,200,200,Medium
Fabrinet,"NEW YORK STOCK EXCHANGE, INC.",510,209,210,High
Hyatt Hotels Corp,"NEW YORK STOCK EXCHANGE, INC.",235,209,205,Medium
Hannon Armstrong Sustainable Infrastructure Capital Inc,"NEW YORK STOCK EXCHANGE, INC.",646,404,313,High
Hayward Holdings Inc,"NEW YORK STOCK EXCHANGE, INC.",535,305,300,High
Hamilton Beach Brands Holding Co,"NEW YORK STOCK EXCHANGE, INC.",245,272,230,Medium
Warrior Met Coal Inc,"NEW YORK STOCK EXCHANGE, INC.",215,200,200,Medium
Hci Group Inc,"NEW YORK STOCK EXCHANGE, INC.",205,260,300,Medium
Hawaiian Electric Industries Inc,"NEW YORK STOCK EXCHANGE, INC.",585,348,310,High
Guidewire Software Inc,"NEW YORK STOCK EXCHANGE, INC.",549,321,330,High
Haemonetics Corp,"NEW YORK STOCK EXCHANGE, INC.",448,303,305,High
Holly Energy Partners LP,"NEW YORK STOCK EXCHANGE, INC.",511,225,215,High
Hilton Grand Vacations Inc,"NEW YORK STOCK EXCHANGE, INC.",305,288,250,Medium
Hillenbrand Inc,"NEW YORK STOCK EXCHANGE, INC.",489,349,300,High
Howard Hughes Corp,"NEW YORK STOCK EXCHANGE, INC.",500,300,300,High
HubSpot Inc,"NEW YORK STOCK EXCHANGE, INC.",480,329,320,High
Hess Midstream LP,"NEW YORK STOCK EXCHANGE, INC.",307,257,255,Medium
HEICO Corp,"NEW YORK STOCK EXCHANGE, INC.",225,203,205,Medium
